COB Date,Counterparty ID,Netting Set ID,Ticket Number,Trade Type,Asset Class,Sub Class,Trade Leg 1 Currency,Trade Leg 2 Currency,Base Currency,Basis/Volatility Indicator,Specific Basis,Underlying Entity Name,Underlying Entity Type,Underlying Entity Rating,Maturity Date,Start Date,End Date,Leg 1 Notional,Leg 2 Notional,Base Notional,Margined/ Unmargined,CCP,Margin Frequency (Business Days),Buy/Sell Indicator,Contractual Exercise Date,Put/Call Indicator,Strike Price (Ki),Underlying Price (Pi),MtM,Source,Source Dissemination Identifier,Source Product Name,Source UPI FISN,Source UPI Underlier Name
2025-02-14,CP_ASSET_MANAGER_A,1000,1378098845,Commodity Agricultural,Commodity,Oil,USD,,USD,,,Agricultural,,,2025-03-31,2025-03-31,2025-03-31,530000.0,0.0,530000.0,M,N,10.0,B,,,0.0,2303.5357,-3922.0,DTCC CFTC Public Price Dissemination,1378098845,Commodity:Agricultural:GrainsOilSeeds:Swap:Cash,,
2025-02-14,CP_ASSET_MANAGER_A,1000,1378325257,Commodity Metals,Commodity,Copper,USD,USD,USD,,,Metals,,,2025-05-12,2025-05-12,2025-05-12,3000000.0,3000000.0,3000000.0,M,N,10.0,B,,,0.0,9595.58,-49920.0,DTCC CFTC Public Price Dissemination,1378325257,Commodity:Metals:NonPrecious:Swap:Cash,,
2025-02-14,CP_ASSET_MANAGER_A,1000,1378049896,Commodity Metals,Commodity,Copper,CNY,,CNY,,,METALS,,,2025-03-31,2025-03-31,2025-03-31,6000000.0,0.0,840000.0,M,N,10.0,B,,,0.0,6122.469002,-6837.6,DTCC CFTC Public Price Dissemination,1378049896,Commodity:Metals:NonPrecious:Swap:Cash,,
2025-02-14,CP_ASSET_MANAGER_A,1000,1378123049,Commodity Metals,Commodity,Copper,USD,,USD,,,Metals,,,2025-02-28,2025-02-28,2025-02-28,2000000.0,0.0,2000000.0,M,N,10.0,B,,,0.0,124714.5153,-40.0,DTCC CFTC Public Price Dissemination,1378123049,Commodity:Metals:NonPrecious:Swap:Cash,,
2025-02-14,CP_ASSET_MANAGER_A,1000,1379874583,Commodity Option,Commodity,Gas,USD,,USD,,,Commodity:Energy:NatGas:Option:Cash,,,2026-02-25,2025-10-29,2026-02-25,3000000.0,0.0,3000000.0,M,N,10.0,B,2026-02-25,P,4.25,0.0,55800.0,DTCC CFTC Public Price Dissemination,1379874583,Commodity:Energy:NatGas:Option:Cash,,
2025-02-14,CP_ASSET_MANAGER_A,1052,1377745778,Commodity Agricultural,Commodity,Wheat,USD,,USD,,,Agricultural,,,2025-03-31,2025-03-31,2025-03-31,320000.0,0.0,320000.0,U,N,,B,,,0.0,17896.8379,729.6,DTCC CFTC Public Price Dissemination,1377745778,Commodity:Agricultural:Softs:Swap:Cash,,
2025-02-14,CP_ASSET_MANAGER_A,1052,1379887617,Commodity Other,Commodity,Other,USD,,USD,,,Commodity:Index:Swap:Cash,,,2025-02-28,2025-02-14,2025-02-28,580000.0,0.0,580000.0,U,N,,B,,,0.0,129.627071924,3097.2,DTCC CFTC Public Price Dissemination,1379887617,Commodity:Index:Swap:Cash,,
2025-02-14,CP_BANK_A,1049,1377745766,Commodity Agricultural,Commodity,Wheat,USD,,USD,,,Agricultural,,,2025-03-31,2025-03-31,2025-03-31,470000.0,0.0,470000.0,U,N,,B,,,0.0,17896.8379,3205.4,DTCC CFTC Public Price Dissemination,1377745766,Commodity:Agricultural:Softs:Swap:Cash,,
2025-02-14,CP_BANK_A,1049,1377771591,Commodity Agricultural,Commodity,Wheat,USD,,USD,,,Agricultural,,,2025-03-31,2025-03-31,2025-03-31,110000.0,0.0,110000.0,U,N,,B,,,0.0,20018.1283,-1621.4,DTCC CFTC Public Price Dissemination,1377771591,Commodity:Agricultural:Softs:Swap:Cash,,
2025-02-14,CP_BANK_A,1078,1377735062,Commodity Metals,Commodity,Copper,USD,,USD,,,Metals,,,2025-07-30,2025-07-30,2025-07-30,30000000.0,0.0,30000000.0,M,N,10.0,B,,,0.0,3010.0,288000.0,DTCC CFTC Public Price Dissemination,1377735062,Commodity:Metals:Precious:Swap:Cash,,
2025-02-14,CP_BANK_A,1078,1378120464,Commodity Metals,Commodity,Copper,USD,,USD,,,Metals,,,2025-02-28,2025-02-28,2025-02-28,630000.0,0.0,630000.0,M,N,10.0,B,,,0.0,17178.2516,-12423.6,DTCC CFTC Public Price Dissemination,1378120464,Commodity:Metals:NonPrecious:Swap:Cash,,
2025-02-14,CP_BANK_A,1078,1377740204,Commodity Metals,Commodity,Copper,USD,,USD,,,Bullion,,,2026-02-13,2025-02-21,2026-02-13,6000000.0,0.0,6000000.0,M,N,10.0,B,2026-02-13,,2736.0,0.0,21120.0,DTCC CFTC Public Price Dissemination,1377740204,Commodity:Metals:Precious:Exotic,,
2025-02-14,CP_BANK_A,1078,1379874928,Commodity Option,Commodity,Gas,USD,,USD,,,Commodity:Energy:NatGas:Option:Cash,,,2026-11-25,2026-10-28,2026-11-25,1000000.0,0.0,1000000.0,M,N,10.0,B,2026-11-25,C,4.965,0.0,-11180.0,DTCC CFTC Public Price Dissemination,1379874928,Commodity:Energy:NatGas:Option:Cash,,
2025-02-14,CP_BANK_A,1078,1380011639,Commodity Option,Commodity,Copper,USD,,USD,,,Bullion,,,2026-08-14,2025-02-14,2026-08-14,5000000.0,0.0,5000000.0,M,N,10.0,B,2026-08-14,C,3800.0,0.0,-34700.0,DTCC CFTC Public Price Dissemination,1380011639,Commodity:Metals:Precious:Option:Cash,,
2025-02-14,CP_BANK_A,1078,1379887615,Commodity Other,Commodity,Other,USD,,USD,,,Commodity:Index:Swap:Cash,,,2025-02-28,2025-02-14,2025-02-28,680000.0,0.0,680000.0,M,N,10.0,B,,,0.0,159.326736037,-285.6,DTCC CFTC Public Price Dissemination,1379887615,Commodity:Index:Swap:Cash,,
2025-02-14,CP_BANK_B,1015,1378006524,Commodity Metals,Commodity,Copper,CNY,,CNY,,,METALS,,,2025-02-28,2025-02-28,2025-02-28,9000000.0,0.0,1260000.0,U,N,,S,,,0.0,272728.524355,-23284.8,DTCC CFTC Public Price Dissemination,1378006524,Commodity:Metals:NonPrecious:Swap:Cash,,
2025-02-14,CP_BANK_B,1015,1379874912,Commodity Option,Commodity,Gas,USD,,USD,,,Commodity:Energy:NatGas:Option:Cash,,,2026-11-25,2026-10-28,2026-11-25,900000.0,0.0,900000.0,U,N,,S,2026-11-25,P,4.0,0.0,-2394.0,DTCC CFTC Public Price Dissemination,1379874912,Commodity:Energy:NatGas:Option:Cash,,
2025-02-14,CP_BANK_B,1015,1380010077,Commodity Option,Commodity,Copper,USD,,USD,,,Bullion,,,2026-08-14,2025-02-14,2026-08-14,4000000.0,0.0,4000000.0,U,N,,S,2026-08-14,C,3800.0,0.0,-1440.0,DTCC CFTC Public Price Dissemination,1380010077,Commodity:Metals:Precious:Option:Cash,,
2025-02-14,CP_BANK_B,1015,1380012628,Commodity Option,Commodity,Copper,USD,,USD,,,Bullion,,,2026-08-14,2025-02-14,2026-08-14,8000000.0,0.0,8000000.0,U,N,,S,2026-08-14,C,3800.0,0.0,141280.0,DTCC CFTC Public Price Dissemination,1380012628,Commodity:Metals:Precious:Option:Cash,,
2025-02-14,CP_BANK_B,1015,1379887118,Commodity Other,Commodity,Other,USD,,USD,,,Commodity:Index:Swap:Cash,,,2025-02-28,2025-02-14,2025-02-28,4000000.0,0.0,4000000.0,U,N,,S,,,0.0,124.988732392,-14320.0,DTCC CFTC Public Price Dissemination,1379887118,Commodity:Index:Swap:Cash,,
2025-02-14,CP_BANK_B,1093,1377740942,Commodity Energy,Commodity,Oil,CNY,,CNY,,,OIL,,,2025-02-28,2025-02-28,2025-02-28,3000000.0,0.0,420000.0,M,N,10.0,S,,,0.0,2631.592821,-781.2,DTCC CFTC Public Price Dissemination,1377740942,Commodity:Energy:Oil:Swap:Cash,,
2025-02-14,CP_BANK_B,1093,1378262994,Commodity Metals,Commodity,Copper,USD,USD,USD,,,Metals,,,2025-06-30,2025-06-30,2025-06-30,480000.0,480000.0,480000.0,M,N,10.0,S,,,0.0,9622.75,-297.6,DTCC CFTC Public Price Dissemination,1378262994,Commodity:Metals:NonPrecious:Swap:Cash,,
2025-02-14,CP_BANK_B,1093,1379875138,Commodity Option,Commodity,Gas,USD,,USD,,,Commodity:Energy:NatGas:Option:Cash,,,2026-11-25,2026-10-28,2026-11-25,1000000.0,0.0,1000000.0,M,N,10.0,S,2026-11-25,C,4.965,0.0,10680.0,DTCC CFTC Public Price Dissemination,1379875138,Commodity:Energy:NatGas:Option:Cash,,
2025-02-14,CP_CORPORATE_A,1063,1377771517,Commodity Agricultural,Commodity,Wheat,USD,,USD,,,Agricultural,,,2025-03-31,2025-03-31,2025-03-31,970000.0,0.0,970000.0,M,N,10.0,B,,,0.0,9290.5068,6227.4,DTCC CFTC Public Price Dissemination,1377771517,Commodity:Agricultural:Softs:Swap:Cash,,
2025-02-14,CP_CORPORATE_A,1063,1377745206,Commodity Agricultural,Commodity,Oil,USD,,USD,,,Agricultural,,,2025-03-31,2025-03-31,2025-03-31,330000.0,0.0,330000.0,M,N,10.0,B,,,0.0,8735.1833,-891.0,DTCC CFTC Public Price Dissemination,1377745206,Commodity:Agricultural:GrainsOilSeeds:Swap:Cash,,
2025-02-14,CP_CORPORATE_A,1063,1378020146,Commodity Energy,Commodity,Oil,CNY,,CNY,,,OIL,,,2025-03-31,2025-03-31,2025-03-31,2000000.0,0.0,280000.0,M,N,10.0,B,,,0.0,5555.5329188,4950.4,DTCC CFTC Public Price Dissemination,1378020146,Commodity:Energy:Oil:Swap:Cash,,
2025-02-14,CP_CORPORATE_A,1063,1377771536,Commodity Energy,Commodity,Oil,USD,,USD,,,Plastic,,,2025-03-31,2025-03-31,2025-03-31,390000.0,0.0,390000.0,M,N,10.0,B,,,0.0,7414.5132,6286.8,DTCC CFTC Public Price Dissemination,1377771536,Commodity:Energy:Oil:Swap:Cash,,
2025-02-14,CP_CORPORATE_A,1063,1378109653,Commodity Energy,Commodity,Oil,USD,,USD,,,Oil,,,2025-02-28,2025-02-28,2025-02-28,1000000.0,0.0,1000000.0,M,N,10.0,B,,,0.0,560.4201,2740.0,DTCC CFTC Public Price Dissemination,1378109653,Commodity:Energy:Oil:Swap:Cash,,
2025-02-14,CP_CORPORATE_A,1063,1379886753,Commodity Other,Commodity,Other,USD,,USD,,,Commodity:Index:Swap:Cash,,,2025-02-28,2025-02-14,2025-02-28,3000000.0,0.0,3000000.0,M,N,10.0,B,,,0.0,178.252209535,18240.0,DTCC CFTC Public Price Dissemination,1379886753,Commodity:Index:Swap:Cash,,
2025-02-14,CP_HEDGE_FUND_A,1039,1378104550,Commodity Agricultural,Commodity,Wheat,USD,,USD,,,Agricultural,,,2025-03-31,2025-03-31,2025-03-31,530000.0,0.0,530000.0,U,N,,S,,,0.0,5987.6265,9942.8,DTCC CFTC Public Price Dissemination,1378104550,Commodity:Agricultural:Softs:Swap:Cash,,
2025-02-14,CP_HEDGE_FUND_A,1039,1378137752,Commodity Metals,Commodity,Copper,USD,USD,USD,,,Metals,,,2025-02-17,2025-02-17,2025-02-17,950000.0,950000.0,950000.0,U,N,,S,,,0.0,9533.0,-5662.0,DTCC CFTC Public Price Dissemination,1378137752,Commodity:Metals:NonPrecious:Swap:Cash,,
2025-02-14,CP_HEDGE_FUND_A,1039,1379874619,Commodity Option,Commodity,Gas,USD,,USD,,,Commodity:Energy:NatGas:Option:Cash,,,2026-02-25,2025-10-29,2026-02-25,4000000.0,0.0,4000000.0,U,N,,S,2026-02-25,C,4.9,0.0,-18240.0,DTCC CFTC Public Price Dissemination,1379874619,Commodity:Energy:NatGas:Option:Cash,,
2025-02-14,CP_HEDGE_FUND_A,1077,1378049935,Commodity Energy,Commodity,Oil,CNY,,CNY,,,COAL,,,2025-03-31,2025-03-31,2025-03-31,2000000.0,0.0,280000.0,M,N,10.0,S,,,0.0,1010.1041376,-4564.0,DTCC CFTC Public Price Dissemination,1378049935,Commodity:Energy:Coal:Swap:Cash,,
2025-02-14,CP_HEDGE_FUND_A,1077,1378006530,Commodity Energy,Commodity,Oil,CNY,,CNY,,,OIL,,,2025-03-31,2025-03-31,2025-03-31,10000000.0,0.0,1400000.0,M,N,10.0,S,,,0.0,7168.44508,6132.0,DTCC CFTC Public Price Dissemination,1378006530,Commodity:Energy:Oil:Swap:Cash,,
2025-02-14,CP_HEDGE_FUND_A,1077,1377771576,Commodity Energy,Commodity,Oil,USD,,USD,,,Plastic,,,2025-03-31,2025-03-31,2025-03-31,160000.0,0.0,160000.0,M,N,10.0,S,,,0.0,4721.6993,3062.4,DTCC CFTC Public Price Dissemination,1377771576,Commodity:Energy:Oil:Swap:Cash,,
2025-02-14,CP_HEDGE_FUND_A,1077,1377741048,Commodity Energy,Commodity,Oil,CNY,,CNY,,,OIL,,,2025-03-31,2025-03-31,2025-03-31,1000000.0,0.0,140000.0,M,N,10.0,S,,,0.0,2222.2317488,-2769.2,DTCC CFTC Public Price Dissemination,1377741048,Commodity:Energy:Oil:Swap:Cash,,
2025-02-14,CP_HEDGE_FUND_A,1077,1378009865,Commodity Metals,Commodity,Copper,CNY,,CNY,,,METALS,,,2025-03-31,2025-03-31,2025-03-31,10000000.0,0.0,1400000.0,M,N,10.0,S,,,0.0,6230.5383816,7056.0,DTCC CFTC Public Price Dissemination,1378009865,Commodity:Metals:NonPrecious:Swap:Cash,,
2025-02-14,CP_HEDGE_FUND_A,1077,1379887618,Commodity Other,Commodity,Other,USD,,USD,,,Commodity:Index:Swap:Cash,,,2025-02-28,2025-02-14,2025-02-28,2000000.0,0.0,2000000.0,M,N,10.0,S,,,0.0,52.9763875069,36600.0,DTCC CFTC Public Price Dissemination,1379887618,Commodity:Index:Swap:Cash,,
2025-02-14,CP_HEDGE_FUND_A,1077,1379887950,Commodity Other,Commodity,Other,USD,,USD,,,Commodity:Index:Swap:Cash,,,2025-02-28,2025-02-14,2025-02-28,800000.0,0.0,800000.0,M,N,10.0,S,,,0.0,184.327241162,8048.0,DTCC CFTC Public Price Dissemination,1379887950,Commodity:Index:Swap:Cash,,
2025-02-14,CP_INSURER_A,1087,1378373489,Commodity Energy,Commodity,Gas,USD,,USD,,,Natural Gas,,,2025-03-20,2025-02-14,2025-03-20,250000.0,0.0,250000.0,M,N,10.0,S,,,0.0,50.3,735.0,DTCC CFTC Public Price Dissemination,1378373489,Commodity:Energy:NatGas:Swap:Cash,,
2025-02-14,CP_INSURER_A,1087,1378355539,Commodity Metals,Commodity,Copper,USD,USD,USD,,,Metals,,,2025-07-31,2025-07-01,2025-07-31,3000000.0,3000000.0,3000000.0,M,N,10.0,S,,,0.0,2630.0,-33840.0,DTCC CFTC Public Price Dissemination,1378355539,Commodity:Metals:NonPrecious:Swap:Cash,,
2025-02-14,CP_INSURER_A,1087,1380013009,Commodity Option,Commodity,Copper,USD,,USD,,,Bullion,,,2026-08-14,2025-02-14,2026-08-14,27000000.0,0.0,27000000.0,M,N,10.0,S,2026-08-14,C,3800.0,0.0,-333180.0,DTCC CFTC Public Price Dissemination,1380013009,Commodity:Metals:Precious:Option:Cash,,
2025-02-14,CP_INSURER_A,1087,1377768891,Commodity Other,Commodity,Other,USD,,USD,,,Commodity:Index:Swap:Cash,,,2025-09-29,2024-09-24,2025-09-29,3000000.0,0.0,3000000.0,M,N,10.0,S,,,0.0,173.69,32940.0,DTCC CFTC Public Price Dissemination,1377768891,Commodity:Index:Swap:Cash,,
2025-02-14,CP_INSURER_A,1087,1379964797,Commodity Other,Commodity,Other,USD,,USD,,,Commodity:Index:Swap:Cash,,,2025-03-31,2025-02-14,2025-03-31,300000.0,0.0,300000.0,M,N,10.0,S,,,0.0,-0.001,-4320.0,DTCC CFTC Public Price Dissemination,1379964797,Commodity:Index:Swap:Cash,,
2025-02-14,CP_INSURER_A,1092,1377745771,Commodity Agricultural,Commodity,Wheat,USD,,USD,,,Agricultural,,,2025-03-31,2025-03-31,2025-03-31,2000000.0,0.0,2000000.0,U,N,,S,,,0.0,17896.8379,7120.0,DTCC CFTC Public Price Dissemination,1377745771,Commodity:Agricultural:Softs:Swap:Cash,,
2025-02-14,CP_INSURER_A,1092,1377998861,Commodity Energy,Commodity,Oil,CNY,,CNY,,,OIL,,,2025-03-31,2025-03-31,2025-03-31,16000000.0,0.0,2240000.0,U,N,,S,,,0.0,2898.540574,313.6,DTCC CFTC Public Price Dissemination,1377998861,Commodity:Energy:Oil:Swap:Cash,,
2025-02-14,CP_INSURER_A,1092,1380012909,Commodity Option,Commodity,Copper,USD,,USD,,,Bullion,,,2026-08-14,2025-02-14,2026-08-14,3000000.0,0.0,3000000.0,U,N,,S,2026-08-14,C,3800.0,0.0,-840.0,DTCC CFTC Public Price Dissemination,1380012909,Commodity:Metals:Precious:Option:Cash,,
2025-02-14,CP_INSURER_A,1092,1379888474,Commodity Other,Commodity,Other,USD,,USD,,,Commodity:Index:Swap:Cash,,,2025-02-28,2025-02-14,2025-02-28,6000000.0,0.0,6000000.0,U,N,,S,,,0.0,168.98056197,22320.0,DTCC CFTC Public Price Dissemination,1379888474,Commodity:Index:Swap:Cash,,
2025-02-14,CP_PENSION_A,1029,1378135892,Commodity Metals,Commodity,Copper,USD,USD,USD,,,Metals,,,2025-05-12,2025-05-12,2025-05-12,960000.0,960000.0,960000.0,U,N,,S,,,0.0,9574.93,-11155.2,DTCC CFTC Public Price Dissemination,1378135892,Commodity:Metals:NonPrecious:Swap:Cash,,
2025-02-14,CP_PENSION_A,1029,1379874789,Commodity Option,Commodity,Gas,USD,,USD,,,Commodity:Energy:NatGas:Option:Cash,,,2026-02-25,2025-10-29,2026-02-25,4000000.0,0.0,4000000.0,U,N,,S,2026-02-25,C,4.9,0.0,-51440.0,DTCC CFTC Public Price Dissemination,1379874789,Commodity:Energy:NatGas:Option:Cash,,
2025-02-14,CP_PENSION_A,1029,1380011017,Commodity Option,Commodity,Copper,USD,,USD,,,Bullion,,,2026-08-14,2025-02-14,2026-08-14,25000000.0,0.0,25000000.0,U,N,,S,2026-08-14,C,3800.0,0.0,-240000.0,DTCC CFTC Public Price Dissemination,1380011017,Commodity:Metals:Precious:Option:Cash,,
2025-02-14,CP_PENSION_A,1029,1379888154,Commodity Other,Commodity,Other,USD,,USD,,,Commodity:Index:Swap:Cash,,,2025-03-14,2025-02-14,2025-03-14,17000000.0,0.0,17000000.0,U,N,,S,,,0.0,701.723572782,-25500.0,DTCC CFTC Public Price Dissemination,1379888154,Commodity:Index:Swap:Cash,,
2025-02-14,CP_PENSION_A,1096,1378096828,Commodity Agricultural,Commodity,Oil,USD,,USD,,,Agricultural,,,2025-03-31,2025-03-31,2025-03-31,280000.0,0.0,280000.0,M,N,10.0,S,,,0.0,2886.1113,1590.4,DTCC CFTC Public Price Dissemination,1378096828,Commodity:Agricultural:GrainsOilSeeds:Swap:Cash,,
2025-02-14,CP_PENSION_A,1096,1377771600,Commodity Agricultural,Commodity,Oil,USD,,USD,,,Agricultural,,,2025-03-31,2025-03-31,2025-03-31,330000.0,0.0,330000.0,M,N,10.0,S,,,0.0,7935.7456,3471.6,DTCC CFTC Public Price Dissemination,1377771600,Commodity:Agricultural:GrainsOilSeeds:Swap:Cash,,
2025-02-14,CP_PENSION_A,1096,1377919711,Commodity Agricultural,Commodity,Oil,USD,,USD,,,Agricultural,,,2025-03-31,2025-03-31,2025-03-31,1000000.0,0.0,1000000.0,M,N,10.0,S,,,0.0,7970.076,1700.0,DTCC CFTC Public Price Dissemination,1377919711,Commodity:Agricultural:GrainsOilSeeds:Swap:Cash,,
2025-02-14,CP_PENSION_A,1096,1378336710,Commodity Metals,Commodity,Copper,USD,USD,USD,,,Metals,,,2025-05-12,2025-05-12,2025-05-12,500000.0,500000.0,500000.0,M,N,10.0,S,,,0.0,1997.5,420.0,DTCC CFTC Public Price Dissemination,1378336710,Commodity:Metals:NonPrecious:Swap:Cash,,
2025-02-14,CP_PENSION_A,1096,1378114563,Commodity Metals,Commodity,Copper,USD,,USD,,,Metals,,,2025-02-28,2025-02-28,2025-02-28,4000000.0,0.0,4000000.0,M,N,10.0,S,,,0.0,78347.553,-47680.0,DTCC CFTC Public Price Dissemination,1378114563,Commodity:Metals:NonPrecious:Swap:Cash,,
2025-02-14,CP_PENSION_A,1096,1379886754,Commodity Other,Commodity,Other,USD,,USD,,,Commodity:Index:Swap:Cash,,,2025-02-28,2025-02-14,2025-02-28,510000.0,0.0,510000.0,M,N,10.0,S,,,0.0,137.822626851,3672.0,DTCC CFTC Public Price Dissemination,1379886754,Commodity:Index:Swap:Cash,,
2025-02-14,CP_PENSION_A,1096,1379887616,Commodity Other,Commodity,Other,USD,,USD,,,Commodity:Index:Swap:Cash,,,2025-03-14,2025-02-14,2025-03-14,42000000.0,0.0,42000000.0,M,N,10.0,S,,,0.0,104.744886008,-273000.0,DTCC CFTC Public Price Dissemination,1379887616,Commodity:Index:Swap:Cash,,
2025-02-14,CP_SOVEREIGN_A,1000,1377771522,Commodity Agricultural,Commodity,Oil,USD,,USD,,,Agricultural,,,2025-03-31,2025-03-31,2025-03-31,230000.0,0.0,230000.0,M,N,10.0,B,,,0.0,9032.6313,883.2,DTCC CFTC Public Price Dissemination,1377771522,Commodity:Agricultural:GrainsOilSeeds:Swap:Cash,,
2025-02-14,CP_SOVEREIGN_A,1000,1377745774,Commodity Agricultural,Commodity,Wheat,USD,,USD,,,Agricultural,,,2025-03-31,2025-03-31,2025-03-31,3000000.0,0.0,3000000.0,M,N,10.0,B,,,0.0,17896.8379,9960.0,DTCC CFTC Public Price Dissemination,1377745774,Commodity:Agricultural:Softs:Swap:Cash,,
2025-02-14,CP_SOVEREIGN_A,1000,1377745200,Commodity Agricultural,Commodity,Oil,USD,,USD,,,Agricultural,,,2025-03-31,2025-03-31,2025-03-31,430000.0,0.0,430000.0,M,N,10.0,B,,,0.0,9064.2655,5598.6,DTCC CFTC Public Price Dissemination,1377745200,Commodity:Agricultural:GrainsOilSeeds:Swap:Cash,,
2025-02-14,CP_SOVEREIGN_A,1000,1378012120,Commodity Energy,Commodity,Oil,CNY,,CNY,,,OIL,,,2025-02-28,2025-02-28,2025-02-28,4000000.0,0.0,560000.0,M,N,10.0,B,,,0.0,3921.5590755,-11076.8,DTCC CFTC Public Price Dissemination,1378012120,Commodity:Energy:Oil:Swap:Cash,,
2025-02-14,CP_SOVEREIGN_A,1000,1377771605,Commodity Energy,Commodity,Oil,USD,,USD,,,Methanol,,,2025-03-31,2025-03-31,2025-03-31,370000.0,0.0,370000.0,M,N,10.0,B,,,0.0,2551.9918,5572.2,DTCC CFTC Public Price Dissemination,1377771605,Commodity:Energy:Oil:Swap:Cash,,
2025-02-14,CP_SOVEREIGN_A,1000,1377727449,Commodity Energy,Commodity,Oil,USD,USD,USD,,,Gasoline,,,2025-04-30,2025-04-01,2025-04-30,860000.0,860000.0,860000.0,M,N,10.0,B,,,0.0,0.0,13484.8,DTCC CFTC Public Price Dissemination,1377727449,Commodity:Energy:Oil:Swap:Cash,,
2025-02-14,CP_SOVEREIGN_A,1000,1380011274,Commodity Option,Commodity,Copper,USD,,USD,,,Bullion,,,2026-08-14,2025-02-14,2026-08-14,3000000.0,0.0,3000000.0,M,N,10.0,B,2026-08-14,C,3800.0,0.0,-39840.0,DTCC CFTC Public Price Dissemination,1380011274,Commodity:Metals:Precious:Option:Cash,,
2025-02-14,CP_SOVEREIGN_A,1000,1380004199,Commodity Other,Commodity,Other,USD,,USD,,,Commodity:MultiCommodityExotic,,,2025-03-28,2025-02-14,2025-03-28,55000000.0,0.0,55000000.0,M,N,10.0,B,2025-03-28,C,110000.0,3180.0,-865700.0,DTCC CFTC Public Price Dissemination,1380004199,Commodity:MultiCommodityExotic,,
2025-02-14,CP_SOVEREIGN_A,1000,1379888298,Commodity Other,Commodity,Other,USD,,USD,,,Commodity:Index:Swap:Cash,,,2025-02-28,2025-02-14,2025-02-28,4000000.0,0.0,4000000.0,M,N,10.0,B,,,0.0,500.263039078,20400.0,DTCC CFTC Public Price Dissemination,1379888298,Commodity:Index:Swap:Cash,,
2025-02-14,CP_SOVEREIGN_A,1057,1377771562,Commodity Energy,Commodity,Oil,USD,,USD,,,NGL,,,2025-02-28,2025-02-28,2025-02-28,170000.0,0.0,170000.0,U,N,,B,,,0.0,4583.838,455.6,DTCC CFTC Public Price Dissemination,1377771562,Commodity:Energy:Oil:Swap:Cash,,
2025-02-14,CP_SOVEREIGN_A,1057,1377731090,Commodity Option,Commodity,Copper,USD,,USD,,,Commodity:Metals:Precious:Option:Physical,,,2025-02-19,2025-02-13,2025-02-19,9000000.0,0.0,9000000.0,U,N,,B,2025-02-19,P,0.0,4599.0,10980.0,DTCC CFTC Public Price Dissemination,1377731090,Commodity:Metals:Precious:Option:Physical,,
2025-02-14,CP_ASSET_MANAGER_A,1057,1378232797,Credit Index CDS,Credit,,EUR,,EUR,,,ITRAXX EUROPE CROSSOVER,Index,SG,2029-12-20,2025-02-15,2029-12-20,5000000.0,0.0,5250000.0,M,Y,5.0,B,,,0.0,0.0,-35595.0,DTCC CFTC Public Price Dissemination,1378232797,,NA/CDS Corp Idx,ITRAXX EUROPE CROSSOVER
2025-02-14,CP_ASSET_MANAGER_A,1057,1378175246,Credit Index CDS,Credit,,EUR,,EUR,,,ITRAXX EUROPE,Index,A,2029-12-20,2025-02-15,2029-12-20,20000000.0,0.0,21000000.0,M,Y,5.0,B,,,0.0,0.0,-94185.0,DTCC CFTC Public Price Dissemination,1378175246,,NA/CDS Corp Idx,ITRAXX EUROPE
2025-02-14,CP_ASSET_MANAGER_A,1057,1378175306,Credit Index CDS,Credit,,EUR,,EUR,,,ITRAXX EUROPE,Index,BB,2029-12-20,2025-02-15,2029-12-20,20000000.0,0.0,21000000.0,M,Y,5.0,B,,,0.0,0.0,220500.0,DTCC CFTC Public Price Dissemination,1378175306,,NA/CDS Corp Idx,ITRAXX EUROPE
2025-02-14,CP_ASSET_MANAGER_A,1057,1378116899,Credit Index CDS,Credit,,EUR,,EUR,,,ITRAXX EUROPE CROSSOVER,Index,SG,2029-12-20,2025-02-17,2029-12-20,1000000.0,0.0,1050000.0,M,Y,5.0,B,,,0.0,0.0,-5559.75,DTCC CFTC Public Price Dissemination,1378116899,,NA/CDS Corp Idx,ITRAXX EUROPE CROSSOVER
2025-02-14,CP_ASSET_MANAGER_A,1057,1379967925,Credit Index CDS,Credit,,USD,,USD,,,CDX.NA.IG,Index,IG,2029-12-20,2025-02-15,2029-12-20,50000000.0,0.0,50000000.0,M,Y,5.0,B,,,0.0,0.0,429750.0,DTCC CFTC Public Price Dissemination,1379967925,,NA/CDS Corp Idx,CDX.NA.IG
2025-02-14,CP_ASSET_MANAGER_A,1057,1379994524,Credit Index CDS,Credit,,USD,,USD,,,CDX.NA.HY,Index,SG,2029-12-20,2025-02-15,2029-12-20,5000000.0,0.0,5000000.0,M,Y,5.0,B,,,0.0,0.0,-46950.0,DTCC CFTC Public Price Dissemination,1379994524,,NA/CDS Corp Idx,CDX.NA.HY
2025-02-14,CP_ASSET_MANAGER_A,1057,1379877565,Credit Index CDS,Credit,,USD,,USD,,,CDX.NA.HY,Index,SG,2029-12-20,2025-02-15,2029-12-20,8000000.0,0.0,8000000.0,M,Y,5.0,B,,,0.0,0.0,93840.0,DTCC CFTC Public Price Dissemination,1379877565,,NA/CDS Corp Idx,CDX.NA.HY
2025-02-14,CP_BANK_A,1084,1378322783,Credit Index CDS,Credit,,EUR,,EUR,,,ITRAXX EUROPE CROSSOVER,Index,SG,2029-12-20,2025-02-15,2029-12-20,35000000.0,0.0,36750000.0,M,Y,5.0,B,,,0.0,0.0,384772.5,DTCC CFTC Public Price Dissemination,1378322783,,NA/CDS Corp Idx,ITRAXX EUROPE CROSSOVER
2025-02-14,CP_BANK_A,1084,1379350621,Credit Other,Credit,,EUR,,EUR,,,Basket,Index,BB,2029-12-20,2024-12-16,2029-12-20,39000000.0,0.0,40950000.0,M,N,10.0,B,,,0.0,0.0,-371007.0,DTCC CFTC Public Price Dissemination,1379350621,,NA/CDS Corp Basket,Basket
2025-02-14,CP_BANK_A,1084,1379860059,Credit Single Name CDS,Credit,,USD,USD,USD,,,DTD 08/15/2024,Singleton,BB,2025-02-21,2025-02-18,2025-02-21,27000000.0,24941994.0,27000000.0,M,N,10.0,B,,,0.0,0.0,112590.0,DTCC CFTC Public Price Dissemination,1379860059,,NA/CDS Corp SN,DTD 08/15/2024
2025-02-14,CP_BANK_A,1084,1378082998,Credit Index CDS,Credit,,EUR,,EUR,,,ITRAXX EUROPE,Index,B,2029-12-20,2025-02-15,2029-12-20,10000000.0,0.0,10500000.0,M,Y,5.0,B,,,0.0,0.0,153090.0,DTCC CFTC Public Price Dissemination,1378082998,,NA/CDS Corp Idx,ITRAXX EUROPE
2025-02-14,CP_BANK_A,1084,1377767768,Credit Index CDS,Credit,,USD,,USD,,,ITRAXX AUSTRALIA,Index,B,2029-12-20,2025-02-17,2029-12-20,48000000.0,0.0,48000000.0,M,Y,5.0,B,,,0.0,0.0,92160.0,DTCC CFTC Public Price Dissemination,1377767768,,NA/CDS Corp Idx,ITRAXX AUSTRALIA
2025-02-14,CP_BANK_A,1084,1379991659,Credit Index CDS,Credit,,USD,,USD,,,CDX.NA.HY,Index,SG,2027-12-20,2022-09-20,2027-12-20,130000000.0,0.0,130000000.0,M,N,10.0,B,,,0.0,0.0,-647400.0,DTCC CFTC Public Price Dissemination,1379991659,,NA/CDS Corp Idx Tra,CDX.NA.HY
2025-02-14,CP_BANK_A,1084,1379967337,Credit Index CDS,Credit,,USD,,USD,,,CDX.NA.HY,Index,SG,2027-12-20,2022-09-20,2027-12-20,23000000.0,0.0,23000000.0,M,N,10.0,B,,,0.0,0.0,-302565.0,DTCC CFTC Public Price Dissemination,1379967337,,NA/CDS Corp Idx,CDX.NA.HY
2025-02-14,CP_BANK_A,1084,1379877580,Credit Index CDS,Credit,,USD,,USD,,,CDX.NA.HY,Index,SG,2029-12-20,2025-02-15,2029-12-20,10000000.0,0.0,10000000.0,M,Y,5.0,B,,,0.0,0.0,-115350.0,DTCC CFTC Public Price Dissemination,1379877580,,NA/CDS Corp Idx,CDX.NA.HY
2025-02-14,CP_BANK_B,1008,1378142413,Credit Index CDS,Credit,,EUR,,EUR,,,ITRAXX EUROPE CROSSOVER,Index,SG,2029-12-20,2025-02-15,2029-12-20,5000000.0,0.0,5250000.0,M,Y,5.0,S,,,0.0,0.0,-25278.75,DTCC CFTC Public Price Dissemination,1378142413,,NA/CDS Corp Idx,ITRAXX EUROPE CROSSOVER
2025-02-14,CP_BANK_B,1008,1379943312,Credit Index CDS,Credit,,USD,,USD,,,CDX.NA.IG,Index,IG,2029-12-20,2025-02-15,2029-12-20,50000000.0,0.0,50000000.0,M,Y,5.0,S,,,0.0,0.0,699000.0,DTCC CFTC Public Price Dissemination,1379943312,,NA/CDS Corp Idx,CDX.NA.IG
2025-02-14,CP_BANK_B,1008,1379940976,Credit Index CDS,Credit,,USD,,USD,,,NA/CDS Corp Idx,Index,BB,2025-03-19,2025-02-15,2025-03-19,250000000.0,0.0,250000000.0,M,N,10.0,S,2025-03-19,,90.0,0.0,371250.0,DTCC CFTC Public Price Dissemination,1379940976,,NA/CDS Idx Swt,NA/CDS Corp Idx
2025-02-14,CP_BANK_B,1008,1379943251,Credit Index CDS,Credit,,USD,,USD,,,NA/CDS Corp Idx,Index,AAA,2025-03-19,2025-02-15,2025-03-19,50000000.0,0.0,50000000.0,M,N,10.0,S,2025-03-19,,100.0,0.0,-51750.0,DTCC CFTC Public Price Dissemination,1379943251,,NA/CDS Idx Swt,NA/CDS Corp Idx
2025-02-14,CP_BANK_B,1068,1378097307,Credit Index CDS,Credit,,EUR,,EUR,,,NA/CDS Corp Idx,Index,BB,2025-03-19,2025-03-19,2025-03-19,150000000.0,0.0,157500000.0,U,N,,S,2025-03-19,,0.05,0.0,973350.0,DTCC CFTC Public Price Dissemination,1378097307,,NA/CDS Idx Swt,NA/CDS Corp Idx
2025-02-14,CP_CORPORATE_A,1064,1378366075,Credit Index CDS,Credit,,EUR,,EUR,,,ITRAXX EUROPE CROSSOVER,Index,SG,2029-12-20,2025-02-17,2029-12-20,25000000.0,0.0,26250000.0,M,Y,5.0,B,,,0.0,0.0,-7087.5,DTCC CFTC Public Price Dissemination,1378366075,,NA/CDS Corp Idx,ITRAXX EUROPE CROSSOVER
2025-02-14,CP_CORPORATE_A,1064,1378273667,Credit Index CDS,Credit,,EUR,,EUR,,,ITRAXX EUROPE CROSSOVER,Index,SG,2029-12-20,2025-02-15,2029-12-20,35000000.0,0.0,36750000.0,M,Y,5.0,B,,,0.0,0.0,308700.0,DTCC CFTC Public Price Dissemination,1378273667,,NA/CDS Corp Idx,ITRAXX EUROPE CROSSOVER
2025-02-14,CP_CORPORATE_A,1064,1379468357,Credit Other,Credit,,USD,,USD,,,SOCIETE GENERALE,Singleton,AAA,2025-03-04,2025-02-18,2025-03-04,69000000.0,0.0,69000000.0,M,N,10.0,B,,,0.0,0.0,-487485.0,DTCC CFTC Public Price Dissemination,1379468357,,NA/CDS Corp Oth Sr,SOCIETE GENERALE
2025-02-14,CP_CORPORATE_A,1064,1377737050,Credit Index CDS,Credit,,USD,,USD,,,ITRAXX AUSTRALIA,Index,A,2029-12-20,2024-09-20,2029-12-20,10000000.0,0.0,10000000.0,M,Y,5.0,B,,,0.0,0.0,-120000.0,DTCC CFTC Public Price Dissemination,1377737050,,NA/CDS Corp Idx,ITRAXX AUSTRALIA
2025-02-14,CP_CORPORATE_A,1064,1378118116,Credit Index CDS,Credit,,EUR,,EUR,,,ITRAXX EUROPE,Index,A,2029-12-20,2025-02-15,2029-12-20,10000000.0,0.0,10500000.0,M,Y,5.0,B,,,0.0,0.0,-40005.0,DTCC CFTC Public Price Dissemination,1378118116,,NA/CDS Corp Idx,ITRAXX EUROPE
2025-02-14,CP_CORPORATE_A,1064,1377734745,Credit Index CDS,Credit,,USD,,USD,,,ITRAXX ASIA EX-JAPAN IG,Index,IG,2029-12-20,2025-02-17,2029-12-20,20000000.0,0.0,20000000.0,M,Y,5.0,B,,,0.0,0.0,-280200.0,DTCC CFTC Public Price Dissemination,1377734745,,NA/CDS Corp Idx,ITRAXX ASIA EX-JAPAN IG
2025-02-14,CP_CORPORATE_A,1064,1379877716,Credit Index CDS,Credit,,USD,,USD,,,CDX.NA.IG,Index,IG,2029-12-20,2025-02-15,2029-12-20,55000000.0,0.0,55000000.0,M,Y,5.0,B,,,0.0,0.0,-744975.0,DTCC CFTC Public Price Dissemination,1379877716,,NA/CDS Corp Idx,CDX.NA.IG
2025-02-14,CP_HEDGE_FUND_A,1036,1378370043,Credit Index CDS,Credit,,EUR,,EUR,,,ITRAXX EUROPE CROSSOVER,Index,SG,2029-12-20,2025-02-17,2029-12-20,2000000.0,0.0,2100000.0,M,Y,5.0,S,,,0.0,0.0,-6363.0,DTCC CFTC Public Price Dissemination,1378370043,,NA/CDS Corp Idx,ITRAXX EUROPE CROSSOVER
2025-02-14,CP_HEDGE_FUND_A,1036,1377731161,Credit Single Name CDS,Credit,,JPY,,JPY,,,INT-BEARING GOVT BD 30YR #83,Singleton,CCC,2025-05-15,2025-02-14,2025-05-15,220000000.0,0.0,1474000.0,M,N,10.0,S,,,0.0,0.0,10944.45,DTCC CFTC Public Price Dissemination,1377731161,,NA/CDS Corp SN,INT-BEARING GOVT BD 30YR #83
2025-02-14,CP_HEDGE_FUND_A,1036,1379877680,Credit Index CDS,Credit,,USD,,USD,,,CDX.NA.HY,Index,SG,2029-12-20,2025-02-15,2029-12-20,18000000.0,0.0,18000000.0,M,Y,5.0,S,,,0.0,0.0,255690.0,DTCC CFTC Public Price Dissemination,1379877680,,NA/CDS Corp Idx,CDX.NA.HY
2025-02-14,CP_INSURER_A,1047,1378119772,Credit Index CDS,Credit,,JPY,,JPY,,,ITRAXX JAPAN,Index,BBB,2029-12-20,2024-09-20,2029-12-20,1000000000.0,0.0,6700000.0,M,N,10.0,S,,,0.0,0.0,-7738.5,DTCC CFTC Public Price Dissemination,1378119772,,NA/CDS Corp Idx,ITRAXX JAPAN
2025-02-14,CP_INSURER_A,1047,1378259686,Credit Index CDS,Credit,,EUR,,EUR,,,ITRAXX EUROPE CROSSOVER,Index,SG,2029-12-20,2025-02-15,2029-12-20,10000000.0,0.0,10500000.0,M,Y,5.0,S,,,0.0,0.0,44415.0,DTCC CFTC Public Price Dissemination,1378259686,,NA/CDS Corp Idx,ITRAXX EUROPE CROSSOVER
2025-02-14,CP_INSURER_A,1047,1378034036,Credit Index CDS,Credit,,USD,,USD,,,ITRAXX ASIA EX-JAPAN IG,Index,IG,2029-12-20,2025-02-14,2029-12-20,10000000.0,0.0,10000000.0,M,N,10.0,S,,,0.0,0.0,141450.0,DTCC CFTC Public Price Dissemination,1378034036,,NA/CDS Corp Idx,ITRAXX ASIA EX-JAPAN IG
2025-02-14,CP_INSURER_A,1047,1379363099,Credit Other,Credit,,USD,,USD,,,SOCIETE GENERALE,Singleton,BBB,2025-03-18,2025-02-18,2025-03-18,390000000.0,0.0,390000000.0,M,N,10.0,S,,,0.0,0.0,-3135600.0,DTCC CFTC Public Price Dissemination,1379363099,,NA/CDS Corp Oth Sr,SOCIETE GENERALE
2025-02-14,CP_INSURER_A,1047,1379350969,Credit Other,Credit,,EUR,,EUR,,,Basket,Index,BB,2029-12-20,2024-12-16,2029-12-20,11000000.0,0.0,11550000.0,M,N,10.0,S,,,0.0,0.0,35689.5,DTCC CFTC Public Price Dissemination,1379350969,,NA/CDS Corp Basket,Basket
2025-02-14,CP_INSURER_A,1047,1378095178,Credit Index CDS,Credit,,EUR,,EUR,,,ITRAXX EUROPE CROSSOVER,Index,SG,2029-12-20,2025-02-15,2029-12-20,10000000.0,0.0,10500000.0,M,Y,5.0,S,,,0.0,0.0,120645.0,DTCC CFTC Public Price Dissemination,1378095178,,NA/CDS Corp Idx,ITRAXX EUROPE CROSSOVER
2025-02-14,CP_INSURER_A,1047,1379983188,Credit Index CDS,Credit,,USD,,USD,,,CDX.NA.HY,Index,SG,2029-12-20,2025-02-15,2029-12-20,5000000.0,0.0,5000000.0,M,Y,5.0,S,,,0.0,0.0,-65475.0,DTCC CFTC Public Price Dissemination,1379983188,,NA/CDS Corp Idx,CDX.NA.HY
2025-02-14,CP_INSURER_A,1047,1379875652,Credit Index CDS,Credit,,USD,,USD,,,NA/CDS Corp Idx,Index,B,2025-03-19,2024-09-20,2025-03-19,55000000.0,0.0,55000000.0,M,N,10.0,S,2025-03-19,,0.00475,0.0,133650.0,DTCC CFTC Public Price Dissemination,1379875652,,NA/CDS Idx Swt,NA/CDS Corp Idx
2025-02-14,CP_INSURER_A,1087,1378013642,Credit Index CDS,Credit,,USD,,USD,,,ITRAXX ASIA EX-JAPAN IG,Index,IG,2029-12-20,2025-02-14,2029-12-20,10000000.0,0.0,10000000.0,U,N,,S,,,0.0,0.0,-141150.0,DTCC CFTC Public Price Dissemination,1378013642,,NA/CDS Corp Idx,ITRAXX ASIA EX-JAPAN IG
2025-02-14,CP_PENSION_A,1013,1378370771,Credit Index CDS,Credit,,EUR,,EUR,,,ITRAXX EUROPE CROSSOVER,Index,SG,2029-12-20,2025-02-17,2029-12-20,35000000.0,0.0,36750000.0,M,Y,5.0,S,,,0.0,0.0,230422.5,DTCC CFTC Public Price Dissemination,1378370771,,NA/CDS Corp Idx,ITRAXX EUROPE CROSSOVER
2025-02-14,CP_PENSION_A,1013,1378316178,Credit Index CDS,Credit,,EUR,,EUR,,,ITRAXX EUROPE CROSSOVER,Index,SG,2029-12-20,2025-02-15,2029-12-20,35000000.0,0.0,36750000.0,M,Y,5.0,S,,,0.0,0.0,492817.5,DTCC CFTC Public Price Dissemination,1378316178,,NA/CDS Corp Idx,ITRAXX EUROPE CROSSOVER
2025-02-14,CP_PENSION_A,1013,1378143021,Credit Index CDS,Credit,,USD,,USD,,,ITRAXX ASIA EX-JAPAN IG,Index,IG,2029-12-20,2025-02-15,2029-12-20,25000000.0,0.0,25000000.0,M,Y,5.0,S,,,0.0,0.0,-231000.0,DTCC CFTC Public Price Dissemination,1378143021,,NA/CDS Corp Idx,ITRAXX ASIA EX-JAPAN IG
2025-02-14,CP_PENSION_A,1013,1378175281,Credit Index CDS,Credit,,EUR,,EUR,,,ITRAXX EUROPE,Index,AAA,2029-12-20,2025-02-15,2029-12-20,50000000.0,0.0,52500000.0,M,Y,5.0,S,,,0.0,0.0,735525.0,DTCC CFTC Public Price Dissemination,1378175281,,NA/CDS Corp Idx,ITRAXX EUROPE
2025-02-14,CP_PENSION_A,1013,1378184426,Credit Index CDS,Credit,,EUR,,EUR,,,ITRAXX EUROPE,Index,BBB,2029-12-20,2025-02-17,2029-12-20,50000000.0,0.0,52500000.0,M,Y,5.0,S,,,0.0,0.0,116550.0,DTCC CFTC Public Price Dissemination,1378184426,,NA/CDS Corp Idx,ITRAXX EUROPE
2025-02-14,CP_PENSION_A,1013,1379830094,Credit Other,Credit,,USD,,USD,,,SOCIETE GENERALE,Singleton,CCC,2025-03-04,2025-02-18,2025-03-04,69000000.0,0.0,69000000.0,M,N,10.0,S,,,0.0,0.0,672750.0,DTCC CFTC Public Price Dissemination,1379830094,,NA/CDS Corp Oth Sr,SOCIETE GENERALE
2025-02-14,CP_PENSION_A,1013,1378153525,Credit Index CDS,Credit,,EUR,,EUR,,,ITRAXX EUROPE,Index,BBB,2029-12-20,2025-02-15,2029-12-20,25000000.0,0.0,26250000.0,M,Y,5.0,S,,,0.0,0.0,45281.25,DTCC CFTC Public Price Dissemination,1378153525,,NA/CDS Corp Idx,ITRAXX EUROPE
2025-02-14,CP_SOVEREIGN_A,1018,1379861205,Credit Single Name CDS,Credit,,USD,USD,USD,,,DTD 08/15/2024,Singleton,CCC,2025-02-25,2025-02-18,2025-02-25,190000000.0,175518191.0,190000000.0,M,N,10.0,B,,,0.0,0.0,239400.0,DTCC CFTC Public Price Dissemination,1379861205,,NA/CDS Corp SN,DTD 08/15/2024
2025-02-14,CP_SOVEREIGN_A,1018,1379352714,Credit Single Name CDS,Credit,,ILS,,ILS,,,MINISTRY OF FINANCE ON BEHALF OF THE STATE OF ISRAEL,Singleton,BBB,2025-03-18,2025-02-18,2025-03-18,98000000.0,0.0,98000000.0,M,N,10.0,B,,,0.0,0.0,-80850.0,DTCC CFTC Public Price Dissemination,1379352714,,NA/CDS Corp SN,MINISTRY OF FINANCE ON BEHALF OF THE STATE OF ISRAEL
2025-02-14,CP_SOVEREIGN_A,1018,1378021922,Credit Index CDS,Credit,,EUR,,EUR,,,ITRAXX EUROPE CROSSOVER,Index,SG,2029-12-20,2025-02-15,2029-12-20,10000000.0,0.0,10500000.0,M,Y,5.0,B,,,0.0,0.0,94342.5,DTCC CFTC Public Price Dissemination,1378021922,,NA/CDS Corp Idx,ITRAXX EUROPE CROSSOVER
2025-02-14,CP_SOVEREIGN_A,1018,1379877679,Credit Index CDS,Credit,,USD,,USD,,,CDX.NA.IG,Index,IG,2029-12-20,2025-02-15,2029-12-20,47000000.0,0.0,47000000.0,M,Y,5.0,B,,,0.0,0.0,-458250.0,DTCC CFTC Public Price Dissemination,1379877679,,NA/CDS Corp Idx,CDX.NA.IG
2025-02-14,CP_ASSET_MANAGER_A,1004,1377769620,Equity Single Stock TRS,Equity,Single Stock,USD,USD,USD,,,ORDINARY FULLY PAID,Singleton,,2026-02-10,2025-02-14,2026-02-10,66000.0,66000.0,66000.0,U,N,,B,,,0.0,20.2515539803388,268.95,DTCC CFTC Public Price Dissemination,1377769620,,NA/Swaps SStk Tot Rtn,ORDINARY FULLY PAID
2025-02-14,CP_ASSET_MANAGER_A,1064,1377769645,Equity Single Stock TRS,Equity,Single Stock,USD,USD,USD,,,ORDINARY FULLY PAID,Singleton,,2026-02-10,2025-02-14,2026-02-10,14000.0,14000.0,14000.0,M,N,10.0,B,,,0.0,0.1330269896272,-52.5,DTCC CFTC Public Price Dissemination,1377769645,,NA/Swaps SStk Tot Rtn,ORDINARY FULLY PAID
2025-02-14,CP_ASSET_MANAGER_A,1064,1377769648,Equity Single Stock TRS,Equity,Single Stock,USD,USD,USD,,,NA/Swaps SStk Tot Rtn,Singleton,,2026-02-10,2025-02-14,2026-02-10,26000.0,26000.0,26000.0,M,N,10.0,B,,,0.0,0.26699459543,520.0,DTCC CFTC Public Price Dissemination,1377769648,,NA/Swaps SStk Tot Rtn,No name obtainable
2025-02-14,CP_ASSET_MANAGER_A,1064,1377769744,Equity Single Stock TRS,Equity,Single Stock,USD,USD,USD,,,ORDINARY FULLY PAID,Singleton,,2025-08-27,2025-02-14,2025-08-27,29000.0,29000.0,29000.0,M,N,10.0,B,,,0.0,1.4628787916029,-272.6,DTCC CFTC Public Price Dissemination,1377769744,,NA/Swaps SStk Tot Rtn,ORDINARY FULLY PAID
2025-02-14,CP_ASSET_MANAGER_A,1064,1377769767,Equity Single Stock TRS,Equity,Single Stock,USD,USD,USD,,,ORDINARY FULLY PAID,Singleton,,2026-02-10,2025-02-14,2026-02-10,54000.0,54000.0,54000.0,M,N,10.0,B,,,0.0,16.8961459299372,-961.2,DTCC CFTC Public Price Dissemination,1377769767,,NA/Swaps SStk Tot Rtn,ORDINARY FULLY PAID
2025-02-14,CP_ASSET_MANAGER_A,1064,1377769835,Equity Single Stock TRS,Equity,Single Stock,USD,USD,USD,,,ORDINARY FULLY PAID,Singleton,,2026-02-10,2025-02-14,2026-02-10,81000.0,81000.0,81000.0,M,N,10.0,B,,,0.0,6.87427750693,1753.65,DTCC CFTC Public Price Dissemination,1377769835,,NA/Swaps SStk Tot Rtn,ORDINARY FULLY PAID
2025-02-14,CP_ASSET_MANAGER_A,1064,1377769901,Equity Single Stock TRS,Equity,Single Stock,USD,USD,USD,,,FPO STAP US PROHIBITED EXCLUDING QUP,Singleton,,2026-02-10,2025-02-14,2026-02-10,16000.0,16000.0,16000.0,M,N,10.0,B,,,0.0,3.2461014703788,16.4,DTCC CFTC Public Price Dissemination,1377769901,,NA/Swaps SStk Tot Rtn,FPO STAP US PROHIBITED EXCLUDING QUP
2025-02-14,CP_ASSET_MANAGER_A,1064,1377769913,Equity Single Stock TRS,Equity,Single Stock,USD,USD,USD,,,ORDINARY FULLY PAID,Singleton,,2025-12-02,2025-02-14,2025-12-02,94000.0,94000.0,94000.0,M,N,10.0,B,,,0.0,4.4287441339008,-1386.5,DTCC CFTC Public Price Dissemination,1377769913,,NA/Swaps SStk Tot Rtn,ORDINARY FULLY PAID
2025-02-14,CP_BANK_A,1036,1377769534,Equity Single Stock TRS,Equity,Single Stock,USD,USD,USD,,,ORDINARY FULLY PAID,Singleton,,2029-06-06,2025-02-14,2029-06-06,160000.0,160000.0,160000.0,U,N,,B,,,0.0,166.1476607450338,-3476.0,DTCC CFTC Public Price Dissemination,1377769534,,NA/Swaps SStk Tot Rtn,ORDINARY FULLY PAID
2025-02-14,CP_BANK_A,1036,1377769764,Equity Single Stock TRS,Equity,Single Stock,USD,USD,USD,,,ORDINARY FULLY PAID,Singleton,,2025-09-10,2025-02-14,2025-09-10,58000.0,58000.0,58000.0,U,N,,B,,,0.0,149.4852675754644,-652.5,DTCC CFTC Public Price Dissemination,1377769764,,NA/Swaps SStk Tot Rtn,ORDINARY FULLY PAID
2025-02-14,CP_BANK_A,1044,1377769742,Equity Single Stock TRS,Equity,Single Stock,USD,USD,USD,,,FULLY PAID ORDINARY/UNITS STAPLED SECURITIES,Singleton,,2026-02-10,2025-02-14,2026-02-10,25000.0,25000.0,25000.0,M,N,10.0,B,,,0.0,1.5596798430094,433.75,DTCC CFTC Public Price Dissemination,1377769742,,NA/Swaps SStk Tot Rtn,FULLY PAID ORDINARY/UNITS STAPLED SECURITIES
2025-02-14,CP_BANK_A,1044,1377769819,Equity Single Stock TRS,Equity,Single Stock,USD,USD,USD,,,ORDINARY FULLY PAID,Singleton,,2028-09-14,2025-02-14,2028-09-14,43000.0,43000.0,43000.0,M,N,10.0,B,,,0.0,11.7326478888725,109.65,DTCC CFTC Public Price Dissemination,1377769819,,NA/Swaps SStk Tot Rtn,ORDINARY FULLY PAID
2025-02-14,CP_BANK_A,1044,1377769935,Equity Single Stock TRS,Equity,Single Stock,USD,USD,USD,,,ORDINARY FULLY PAID,Singleton,,2026-02-10,2025-02-14,2026-02-10,69000.0,69000.0,69000.0,M,N,10.0,B,,,0.0,2.0203728993235,376.05,DTCC CFTC Public Price Dissemination,1377769935,,NA/Swaps SStk Tot Rtn,ORDINARY FULLY PAID
2025-02-14,CP_BANK_B,1036,1377769949,Equity Single Stock TRS,Equity,Single Stock,USD,USD,USD,,,FULLY PAID ORDINARY/UNITS STAPLED SECURITIES,Singleton,,2026-02-10,2025-02-14,2026-02-10,14000.0,14000.0,14000.0,U,N,,S,,,0.0,0.735912173997,30.1,DTCC CFTC Public Price Dissemination,1377769949,,NA/Swaps SStk Tot Rtn,FULLY PAID ORDINARY/UNITS STAPLED SECURITIES
2025-02-14,CP_BANK_B,1077,1377769746,Equity Single Stock TRS,Equity,Single Stock,USD,USD,USD,,,ORDINARY FULLY PAID,Singleton,,2026-02-10,2025-02-14,2026-02-10,15000.0,15000.0,15000.0,M,N,10.0,S,,,0.0,2.0976019178669,-172.12,DTCC CFTC Public Price Dissemination,1377769746,,NA/Swaps SStk Tot Rtn,ORDINARY FULLY PAID
2025-02-14,CP_BANK_B,1077,1377769785,Equity Single Stock TRS,Equity,Single Stock,USD,USD,USD,,,ORDINARY FULLY PAID,Singleton,,2026-02-10,2025-02-14,2026-02-10,30000.0,30000.0,30000.0,M,N,10.0,S,,,0.0,2.77675953984,401.25,DTCC CFTC Public Price Dissemination,1377769785,,NA/Swaps SStk Tot Rtn,ORDINARY FULLY PAID
2025-02-14,CP_CORPORATE_A,1000,1377769552,Equity Single Stock TRS,Equity,Single Stock,USD,USD,USD,,,FULLY PAID ORDINARY/UNITS STAPLED SECURITIES,Singleton,,2030-02-15,2025-02-14,2030-02-15,230000.0,230000.0,230000.0,U,N,,B,,,0.0,22.833223003612,-5554.5,DTCC CFTC Public Price Dissemination,1377769552,,NA/Swaps SStk Tot Rtn,FULLY PAID ORDINARY/UNITS STAPLED SECURITIES
2025-02-14,CP_CORPORATE_A,1000,1377769863,Equity Single Stock TRS,Equity,Single Stock,USD,USD,USD,,,ORDINARY FULLY PAID,Singleton,,2026-02-10,2025-02-14,2026-02-10,25000.0,25000.0,25000.0,U,N,,B,,,0.0,1.803889154944,-538.75,DTCC CFTC Public Price Dissemination,1377769863,,NA/Swaps SStk Tot Rtn,ORDINARY FULLY PAID
2025-02-14,CP_CORPORATE_A,1003,1377769593,Equity Single Stock TRS,Equity,Single Stock,USD,USD,USD,,,ORDINARY FULLY PAID,Singleton,,2025-08-27,2025-02-14,2025-08-27,87000.0,87000.0,87000.0,M,N,10.0,B,,,0.0,21.7229434153636,-548.1,DTCC CFTC Public Price Dissemination,1377769593,,NA/Swaps SStk Tot Rtn,ORDINARY FULLY PAID
2025-02-14,CP_HEDGE_FUND_A,1000,1377769642,Equity Single Stock TRS,Equity,Single Stock,USD,USD,USD,,,ORDINARY FULLY PAID,Singleton,,2027-05-26,2025-02-14,2027-05-26,22000.0,22000.0,22000.0,M,N,10.0,S,,,0.0,3.121907111958,-336.6,DTCC CFTC Public Price Dissemination,1377769642,,NA/Swaps SStk Tot Rtn,ORDINARY FULLY PAID
2025-02-14,CP_HEDGE_FUND_A,1000,1377769808,Equity Single Stock TRS,Equity,Single Stock,USD,USD,USD,,,ORDINARY FULLY PAID,Singleton,,2026-02-10,2025-02-14,2026-02-10,110000.0,110000.0,110000.0,M,N,10.0,S,,,0.0,2.5884828866874,437.25,DTCC CFTC Public Price Dissemination,1377769808,,NA/Swaps SStk Tot Rtn,ORDINARY FULLY PAID
2025-02-14,CP_HEDGE_FUND_A,1000,1377769839,Equity Single Stock TRS,Equity,Single Stock,USD,USD,USD,,,ORDINARY FULLY PAID,Singleton,,2026-02-10,2025-02-14,2026-02-10,23000.0,23000.0,23000.0,M,N,10.0,S,,,0.0,3.00967237182,305.32,DTCC CFTC Public Price Dissemination,1377769839,,NA/Swaps SStk Tot Rtn,ORDINARY FULLY PAID
2025-02-14,CP_HEDGE_FUND_A,1052,1377769743,Equity Single Stock TRS,Equity,Single Stock,USD,USD,USD,,,ORDINARY FULLY PAID,Singleton,,2026-02-10,2025-02-14,2026-02-10,710000.0,710000.0,710000.0,U,N,,S,,,0.0,2.447671857818,3035.25,DTCC CFTC Public Price Dissemination,1377769743,,NA/Swaps SStk Tot Rtn,ORDINARY FULLY PAID
2025-02-14,CP_HEDGE_FUND_A,1052,1377769820,Equity Single Stock TRS,Equity,Single Stock,USD,USD,USD,,,ORDINARY FULLY PAID,Singleton,,2026-02-10,2025-02-14,2026-02-10,160000.0,160000.0,160000.0,U,N,,S,,,0.0,2.3227844347708,1832.0,DTCC CFTC Public Price Dissemination,1377769820,,NA/Swaps SStk Tot Rtn,ORDINARY FULLY PAID
2025-02-14,CP_HEDGE_FUND_A,1052,1377769884,Equity Single Stock TRS,Equity,Single Stock,USD,USD,USD,,,ORDINARY UNITS FULLY PAID,Singleton,,2026-02-10,2025-02-14,2026-02-10,23000.0,23000.0,23000.0,U,N,,S,,,0.0,1.790856777353,489.32,DTCC CFTC Public Price Dissemination,1377769884,,NA/Swaps SStk Tot Rtn,ORDINARY UNITS FULLY PAID
2025-02-14,CP_HEDGE_FUND_A,1052,1377769897,Equity Single Stock TRS,Equity,Single Stock,USD,USD,USD,,,ORDINARY FULLY PAID,Singleton,,2026-02-10,2025-02-14,2026-02-10,22000.0,22000.0,22000.0,U,N,,S,,,0.0,1.3315632925421,-298.1,DTCC CFTC Public Price Dissemination,1377769897,,NA/Swaps SStk Tot Rtn,ORDINARY FULLY PAID
2025-02-14,CP_HEDGE_FUND_A,1052,1377769916,Equity Single Stock TRS,Equity,Single Stock,USD,USD,USD,,,ORDINARY FULLY PAID,Singleton,,2026-02-10,2025-02-14,2026-02-10,11000.0,11000.0,11000.0,U,N,,S,,,0.0,9.9818768586588,162.8,DTCC CFTC Public Price Dissemination,1377769916,,NA/Swaps SStk Tot Rtn,ORDINARY FULLY PAID
2025-02-14,CP_INSURER_A,1040,1377769480,Equity Single Stock TRS,Equity,Single Stock,USD,USD,USD,,,ORDINARY FULLY PAID,Singleton,,2026-02-10,2025-02-14,2026-02-10,51000.0,51000.0,51000.0,M,N,10.0,S,,,0.0,1.8198648866754,1073.55,DTCC CFTC Public Price Dissemination,1377769480,,NA/Swaps SStk Tot Rtn,ORDINARY FULLY PAID
2025-02-14,CP_INSURER_A,1040,1377769708,Equity Single Stock TRS,Equity,Single Stock,USD,USD,USD,,,ORDINARY FULLY PAID,Singleton,,2025-07-15,2025-02-14,2025-07-15,100000.0,100000.0,100000.0,M,N,10.0,S,,,0.0,178.2526272782474,707.5,DTCC CFTC Public Price Dissemination,1377769708,,NA/Swaps SStk Tot Rtn,ORDINARY FULLY PAID
2025-02-14,CP_INSURER_A,1040,1377769783,Equity Single Stock TRS,Equity,Single Stock,USD,USD,USD,,,ORDINARY FULLY PAID,Singleton,,2026-02-10,2025-02-14,2026-02-10,19000.0,19000.0,19000.0,M,N,10.0,S,,,0.0,0.2244924763963,231.8,DTCC CFTC Public Price Dissemination,1377769783,,NA/Swaps SStk Tot Rtn,ORDINARY FULLY PAID
2025-02-14,CP_INSURER_A,1040,1377769786,Equity Single Stock TRS,Equity,Single Stock,USD,USD,USD,,,FULLY PAID UNITS STAPLED SECURITIES,Singleton,,2026-02-10,2025-02-14,2026-02-10,41000.0,41000.0,41000.0,M,N,10.0,S,,,0.0,2.4495203116698,-360.8,DTCC CFTC Public Price Dissemination,1377769786,,NA/Swaps SStk Tot Rtn,FULLY PAID UNITS STAPLED SECURITIES
2025-02-14,CP_INSURER_A,1040,1377769910,Equity Single Stock TRS,Equity,Single Stock,USD,USD,USD,,,ORDINARY FULLY PAID,Singleton,,2026-02-10,2025-02-14,2026-02-10,72000.0,72000.0,72000.0,M,N,10.0,S,,,0.0,172.2481867838241,-117.0,DTCC CFTC Public Price Dissemination,1377769910,,NA/Swaps SStk Tot Rtn,ORDINARY FULLY PAID
2025-02-14,CP_INSURER_A,1062,1377769599,Equity Single Stock TRS,Equity,Single Stock,USD,USD,USD,,,NA/Swaps SStk Tot Rtn,Singleton,,2026-02-10,2025-02-14,2026-02-10,72000.0,72000.0,72000.0,U,N,,S,,,0.0,9.2771937374171,-819.0,DTCC CFTC Public Price Dissemination,1377769599,,NA/Swaps SStk Tot Rtn,No name obtainable
2025-02-14,CP_INSURER_A,1062,1377769684,Equity Single Stock TRS,Equity,Single Stock,USD,USD,USD,,,ORDINARY FULLY PAID,Singleton,,2026-02-10,2025-02-14,2026-02-10,27000.0,27000.0,27000.0,U,N,,S,,,0.0,18.07234728957,-279.45,DTCC CFTC Public Price Dissemination,1377769684,,NA/Swaps SStk Tot Rtn,ORDINARY FULLY PAID
2025-02-14,CP_INSURER_A,1062,1377769903,Equity Single Stock TRS,Equity,Single Stock,USD,USD,USD,,,FULLY PAID ORDINARY/UNITS STAPLED SECURITIES,Singleton,,2026-02-10,2025-02-14,2026-02-10,110000.0,110000.0,110000.0,U,N,,S,,,0.0,3.2878867490352,1600.5,DTCC CFTC Public Price Dissemination,1377769903,,NA/Swaps SStk Tot Rtn,FULLY PAID ORDINARY/UNITS STAPLED SECURITIES
2025-02-14,CP_INSURER_A,1062,1377769960,Equity Single Stock TRS,Equity,Single Stock,USD,USD,USD,,,FULLY PAID ORDINARY/UNITS STAPLED SECURITIES,Singleton,,2026-02-10,2025-02-14,2026-02-10,14000.0,14000.0,14000.0,U,N,,S,,,0.0,2.4171307921896,-326.55,DTCC CFTC Public Price Dissemination,1377769960,,NA/Swaps SStk Tot Rtn,FULLY PAID ORDINARY/UNITS STAPLED SECURITIES
2025-02-14,CP_INSURER_A,1062,1377769989,Equity Single Stock TRS,Equity,Single Stock,USD,USD,USD,,,ORDINARY FULLY PAID,Singleton,,2026-02-10,2025-02-14,2026-02-10,110000.0,110000.0,110000.0,U,N,,S,,,0.0,1.3867716225693,-214.5,DTCC CFTC Public Price Dissemination,1377769989,,NA/Swaps SStk Tot Rtn,ORDINARY FULLY PAID
2025-02-14,CP_PENSION_A,1072,1377769803,Equity Single Stock TRS,Equity,Single Stock,USD,USD,USD,,,ORDINARY FULLY PAID,Singleton,,2026-02-10,2025-02-14,2026-02-10,1000000.0,1000000.0,1000000.0,M,N,10.0,S,,,0.0,149.2978397725482,24150.0,DTCC CFTC Public Price Dissemination,1377769803,,NA/Swaps SStk Tot Rtn,ORDINARY FULLY PAID
2025-02-14,CP_PENSION_A,1081,1377769769,Equity Single Stock TRS,Equity,Single Stock,USD,USD,USD,,,ORDINARY FULLY PAID,Singleton,,2026-02-10,2025-02-14,2026-02-10,56000.0,56000.0,56000.0,U,N,,S,,,0.0,9.5302626754986,436.8,DTCC CFTC Public Price Dissemination,1377769769,,NA/Swaps SStk Tot Rtn,ORDINARY FULLY PAID
2025-02-14,CP_PENSION_A,1081,1377769849,Equity Single Stock TRS,Equity,Single Stock,USD,USD,USD,,,NA/Swaps SStk Tot Rtn,Singleton,,2029-11-29,2025-02-14,2029-11-29,55000.0,55000.0,55000.0,U,N,,S,,,0.0,10.8055135637397,-1050.5,DTCC CFTC Public Price Dissemination,1377769849,,NA/Swaps SStk Tot Rtn,No name obtainable
2025-02-14,CP_PENSION_A,1081,1377769900,Equity Single Stock TRS,Equity,Single Stock,USD,USD,USD,,,ORDINARY FULLY PAID,Singleton,,2026-03-03,2025-02-14,2026-03-03,500000.0,500000.0,500000.0,U,N,,S,,,0.0,26.0417238704484,-3125.0,DTCC CFTC Public Price Dissemination,1377769900,,NA/Swaps SStk Tot Rtn,ORDINARY FULLY PAID
2025-02-14,CP_SOVEREIGN_A,1059,1377769605,Equity Single Stock TRS,Equity,Single Stock,USD,USD,USD,,,CDI 10:1 FOREIGN EXEMPT NYSE,Singleton,,2029-08-08,2025-02-14,2029-08-08,13000.0,13000.0,13000.0,M,N,10.0,B,,,0.0,23.2557228380646,-78.97,DTCC CFTC Public Price Dissemination,1377769605,,NA/Swaps SStk Tot Rtn,CDI 10:1 FOREIGN EXEMPT NYSE
2025-02-14,CP_SOVEREIGN_A,1059,1377769609,Equity Single Stock TRS,Equity,Single Stock,USD,USD,USD,,,ORDINARY FULLY PAID,Singleton,,2026-02-10,2025-02-14,2026-02-10,19000.0,19000.0,19000.0,M,N,10.0,B,,,0.0,1.273456105047,257.93,DTCC CFTC Public Price Dissemination,1377769609,,NA/Swaps SStk Tot Rtn,ORDINARY FULLY PAID
2025-02-14,CP_SOVEREIGN_A,1059,1377769631,Equity Single Stock TRS,Equity,Single Stock,USD,USD,USD,,,ORDINARY FULLY PAID,Singleton,,2029-08-09,2025-02-14,2029-08-09,21000.0,21000.0,21000.0,M,N,10.0,B,,,0.0,18.260856265491,309.22,DTCC CFTC Public Price Dissemination,1377769631,,NA/Swaps SStk Tot Rtn,ORDINARY FULLY PAID
2025-02-14,CP_SOVEREIGN_A,1059,1377769641,Equity Single Stock TRS,Equity,Single Stock,USD,USD,USD,,,ORDINARY FULLY PAID,Singleton,,2026-02-10,2025-02-14,2026-02-10,14000.0,14000.0,14000.0,M,N,10.0,B,,,0.0,2.4752578972264,123.55,DTCC CFTC Public Price Dissemination,1377769641,,NA/Swaps SStk Tot Rtn,ORDINARY FULLY PAID
2025-02-14,CP_SOVEREIGN_A,1059,1377769782,Equity Single Stock TRS,Equity,Single Stock,USD,USD,USD,,,ORDINARY FULLY PAID,Singleton,,2026-02-10,2025-02-14,2026-02-10,110000.0,110000.0,110000.0,M,N,10.0,B,,,0.0,1.747021401405,1911.25,DTCC CFTC Public Price Dissemination,1377769782,,NA/Swaps SStk Tot Rtn,ORDINARY FULLY PAID
2025-02-14,CP_SOVEREIGN_A,1059,1377769821,Equity Single Stock TRS,Equity,Single Stock,USD,USD,USD,,,ORDINARY FULLY PAID,Singleton,,2029-04-09,2025-02-14,2029-04-09,18000.0,18000.0,18000.0,M,N,10.0,B,,,0.0,22.30489974951,-344.7,DTCC CFTC Public Price Dissemination,1377769821,,NA/Swaps SStk Tot Rtn,ORDINARY FULLY PAID
2025-02-14,CP_SOVEREIGN_A,1059,1377769886,Equity Single Stock TRS,Equity,Single Stock,USD,USD,USD,,,ORDINARY FULLY PAID,Singleton,,2026-02-10,2025-02-14,2026-02-10,35000.0,35000.0,35000.0,M,N,10.0,B,,,0.0,1.6092672267292,-469.88,DTCC CFTC Public Price Dissemination,1377769886,,NA/Swaps SStk Tot Rtn,ORDINARY FULLY PAID
2025-02-14,CP_SOVEREIGN_A,1059,1377769931,Equity Single Stock TRS,Equity,Single Stock,USD,USD,USD,,,ORDINARY FULLY PAID,Singleton,,2025-06-24,2025-02-14,2025-06-24,95000.0,95000.0,95000.0,M,N,10.0,B,,,0.0,2.2935266392119,-16.62,DTCC CFTC Public Price Dissemination,1377769931,,NA/Swaps SStk Tot Rtn,ORDINARY FULLY PAID
2025-02-14,CP_SOVEREIGN_A,1059,1377769934,Equity Single Stock TRS,Equity,Single Stock,USD,USD,USD,,,SPARK NEW ZEALAND LTD. ON,Singleton,,2026-02-10,2025-02-14,2026-02-10,17000.0,17000.0,17000.0,M,N,10.0,B,,,0.0,1.6501578137946,194.65,DTCC CFTC Public Price Dissemination,1377769934,,NA/Swaps SStk Tot Rtn,SPARK NEW ZEALAND LTD. ON
2025-02-14,CP_ASSET_MANAGER_A,1004,1377770279,FX Forward/NDF,FX,,KRW,USD,USD,,,KRW USD,,,2025-03-18,2025-02-14,2025-03-18,700000000.0,485355.0,511000.0,M,N,10.0,B,,,0.0,0.0,-1778.28,DTCC CFTC Public Price Dissemination,1377770279,,NA/Fwd NDF KRW USD,KRW USD
2025-02-14,CP_ASSET_MANAGER_A,1004,1377769126,FX Option,FX,,JPY,USD,USD,,,JPY USD,,,2025-05-22,2025-02-14,2025-05-22,7450000000.0,50000000.0,50000000.0,M,N,10.0,B,2025-05-22,C,149.0,0.0,26400.0,DTCC CFTC Public Price Dissemination,1377769126,,NA/O Van Call JPY USD,JPY USD
2025-02-14,CP_ASSET_MANAGER_A,1004,1377771774,FX Option,FX,,USD,JPY,USD,,,JPY USD,,,2025-02-20,2025-02-14,2025-02-20,29725500.0,4600000000.0,30820000.0,M,N,10.0,B,2025-02-20,P,154.75,0.0,20711.04,DTCC CFTC Public Price Dissemination,1377771774,,NA/O Van Put JPY USD,JPY USD
2025-02-14,CP_ASSET_MANAGER_A,1004,1378109185,FX Swap,FX,,USD,HKD,USD,,,HKD USD,,,2026-02-20,2025-02-14,2026-02-20,1000000.0,7742453.0,7742453.0,M,N,10.0,B,,,0.0,0.0,-17559.88,DTCC CFTC Public Price Dissemination,1378109185,,NA/Swaps HKD USD,HKD USD
2025-02-14,CP_ASSET_MANAGER_A,1004,1378060558,FX Swap,FX,,USD,KRW,USD,,,KRW USD,,,2025-02-19,2025-02-14,2025-02-19,59913000.0,86330935252.0,63021582.73,M,N,10.0,B,,,0.0,0.0,277168.92,DTCC CFTC Public Price Dissemination,1378060558,,NA/Swaps NDS KRW USD,KRW USD
2025-02-14,CP_ASSET_MANAGER_A,1004,1377768455,FX Swap,FX,,USD,TWD,USD,,,TWD USD,,,2025-03-19,2025-02-14,2025-03-19,3665016.0,120000000.0,3720000.0,M,N,10.0,B,,,0.0,0.0,14775.84,DTCC CFTC Public Price Dissemination,1377768455,,NA/Swaps NDS TWD USD,TWD USD
2025-02-14,CP_ASSET_MANAGER_A,1021,1378365244,FX Option,FX,,USD,CNY,USD,,,CNY USD,,,2025-04-16,2025-02-14,2025-04-16,162821660.0,1200000000.0,168000000.0,U,N,,B,2025-04-16,,7.37,0.0,786240.0,DTCC CFTC Public Price Dissemination,1378365244,,NA/O Van O CNY USD,CNY USD
2025-02-14,CP_ASSET_MANAGER_A,1021,1378118970,FX Swap,FX,,USD,HKD,USD,,,HKD USD,,,2025-02-18,2025-02-14,2025-02-18,1000000.0,7785370.0,7785370.0,U,N,,B,,,0.0,0.0,-15882.15,DTCC CFTC Public Price Dissemination,1378118970,,NA/Swaps HKD USD,HKD USD
2025-02-14,CP_ASSET_MANAGER_A,1021,1378079090,FX Swap,FX,,SEK,EUR,SEK,,,EUR SEK,,,2025-03-19,2025-02-14,2025-03-19,1346254.0,120000.0,129240.38,U,N,,B,,,0.0,0.0,363.68,DTCC CFTC Public Price Dissemination,1378079090,,NA/Swaps EUR SEK,EUR SEK
2025-02-14,CP_ASSET_MANAGER_A,1021,1378257268,FX Swap,FX,,USD,INR,USD,,,INR USD,,,2025-03-17,2025-02-14,2025-03-17,2870652.0,250000000.0,3000000.0,U,N,,B,,,0.0,0.0,7992.0,DTCC CFTC Public Price Dissemination,1378257268,,NA/Swaps NDS INR USD,INR USD
2025-02-14,CP_BANK_A,1079,1377769128,FX Forward/NDF,FX,,KRW,USD,USD,,,KRW USD,,,2025-03-18,2025-02-14,2025-03-18,1400000000.0,970780.0,1022000.0,M,N,10.0,B,,,0.0,0.0,-361.79,DTCC CFTC Public Price Dissemination,1377769128,,NA/Fwd NDF KRW USD,KRW USD
2025-02-14,CP_BANK_A,1079,1377769153,FX Forward/NDF,FX,,PHP,USD,USD,,,PHP USD,,,2025-03-24,2025-02-14,2025-03-24,320000000.0,5523415.0,5523415.0,M,N,10.0,B,,,0.0,0.0,4308.26,DTCC CFTC Public Price Dissemination,1377769153,,NA/Fwd NDF PHP USD,PHP USD
2025-02-14,CP_BANK_A,1079,1378369160,FX Forward/NDF,FX,,USD,INR,USD,,,INR USD,,,2025-03-18,2025-02-14,2025-03-18,998690.0,87000000.0,1044000.0,M,N,10.0,B,,,0.0,0.0,-3608.06,DTCC CFTC Public Price Dissemination,1378369160,,NA/Fwd NDF INR USD,INR USD
2025-02-14,CP_BANK_A,1079,1378369407,FX Forward/NDF,FX,,TWD,USD,USD,,,TWD USD,,,2025-03-18,2025-02-14,2025-03-18,20000000.0,612090.0,620000.0,M,N,10.0,B,,,0.0,0.0,-1577.28,DTCC CFTC Public Price Dissemination,1378369407,,NA/Fwd NDF TWD USD,TWD USD
2025-02-14,CP_BANK_A,1079,1378370991,FX Forward/NDF,FX,,IDR,USD,USD,,,IDR USD,,,2025-03-19,2025-02-14,2025-03-19,1624293792.0,100000.0,103954.8,M,N,10.0,B,,,0.0,0.0,248.87,DTCC CFTC Public Price Dissemination,1378370991,,NA/Fwd NDF IDR USD,IDR USD
2025-02-14,CP_BANK_A,1079,1377769125,FX Option,FX,,JPY,USD,USD,,,JPY USD,,,2025-03-12,2025-02-14,2025-03-12,7450000000.0,50000000.0,50000000.0,M,N,10.0,B,2025-03-12,C,149.0,0.0,-53100.0,DTCC CFTC Public Price Dissemination,1377769125,,NA/O Van Call JPY USD,JPY USD
2025-02-14,CP_BANK_A,1079,1378233675,FX Option,FX,,AUD,CHF,AUD,,,AUD CHF,,,2025-02-26,2025-02-14,2025-02-26,15748050.0,9000000.0,10393713.0,M,N,10.0,B,2025-02-26,,0.5715,0.0,1995.59,DTCC CFTC Public Price Dissemination,1378233675,,NA/O Van O AUD CHF,AUD CHF
2025-02-14,CP_BANK_A,1079,1378361798,FX Option,FX,,USD,CNY,USD,,,CNY USD,,,2025-05-15,2025-02-14,2025-05-15,56910510.0,420000000.0,58800000.0,M,N,10.0,B,2025-05-15,,7.38,0.0,-157701.6,DTCC CFTC Public Price Dissemination,1378361798,,NA/O Van O CNY USD,CNY USD
2025-02-14,CP_BANK_A,1079,1377756620,FX Option,FX,,AUD,EUR,AUD,,,AUD EUR,,,2025-11-28,2025-02-14,2025-11-28,340000.0,202300.0,224400.0,M,N,10.0,B,2025-11-28,C,0.595,0.0,332.56,DTCC CFTC Public Price Dissemination,1377756620,,NA/O Bar Call AUD EUR,AUD EUR
2025-02-14,CP_BANK_A,1079,1377756621,FX Option,FX,,EUR,AUD,EUR,,,AUD EUR,,,2025-12-30,2025-02-14,2025-12-30,101150.0,170000.0,112200.0,M,N,10.0,B,2025-12-30,,0.595,0.0,-428.16,DTCC CFTC Public Price Dissemination,1377756621,,NA/O Bar O AUD EUR,AUD EUR
2025-02-14,CP_BANK_A,1079,1378060580,FX Swap,FX,,USD,KRW,USD,,,KRW USD,,,2025-02-28,2025-02-14,2025-02-28,59937000.0,86330935252.0,63021582.73,M,N,10.0,B,,,0.0,0.0,-286244.03,DTCC CFTC Public Price Dissemination,1378060580,,NA/Swaps NDS KRW USD,KRW USD
2025-02-14,CP_BANK_A,1079,1377768481,FX Swap,FX,,USD,PHP,USD,,,PHP USD,,,2025-03-19,2025-02-14,2025-03-19,3623724.0,210000000.0,3623724.0,M,N,10.0,B,,,0.0,0.0,-6022.63,DTCC CFTC Public Price Dissemination,1377768481,,NA/Swaps NDS PHP USD,PHP USD
2025-02-14,CP_BANK_A,1079,1377741775,FX Swap,FX,,USD,INR,USD,,,INR USD,,,2025-02-28,2025-02-14,2025-02-28,4946150.0,430000000.0,5160000.0,M,N,10.0,B,,,0.0,0.0,-11114.64,DTCC CFTC Public Price Dissemination,1377741775,,NA/Swaps NDS INR USD,INR USD
2025-02-14,CP_BANK_A,1082,1377769378,FX Forward/NDF,FX,,KRW,USD,USD,,,KRW USD,,,2025-03-18,2025-02-14,2025-03-18,1400000000.0,970820.0,1022000.0,U,N,,B,,,0.0,0.0,2857.51,DTCC CFTC Public Price Dissemination,1377769378,,NA/Fwd NDF KRW USD,KRW USD
2025-02-14,CP_BANK_A,1082,1377769387,FX Forward/NDF,FX,,KRW,USD,USD,,,KRW USD,,,2025-03-18,2025-02-14,2025-03-18,1400000000.0,970780.0,1022000.0,U,N,,B,,,0.0,0.0,-1686.3,DTCC CFTC Public Price Dissemination,1377769387,,NA/Fwd NDF KRW USD,KRW USD
2025-02-14,CP_BANK_B,1064,1377770745,FX Forward/NDF,FX,,PHP,USD,USD,,,PHP USD,,,2025-03-19,2025-02-14,2025-03-19,58000000.0,1000910.0,1000910.0,M,N,10.0,S,,,0.0,0.0,-1381.26,DTCC CFTC Public Price Dissemination,1377770745,,NA/Fwd NDF PHP USD,PHP USD
2025-02-14,CP_BANK_B,1064,1378127954,FX Forward/NDF,FX,,IDR,USD,USD,,,IDR USD,,,2025-03-19,2025-02-14,2025-03-19,81342683731.0,5000000.0,5205931.76,M,N,10.0,S,,,0.0,0.0,7559.01,DTCC CFTC Public Price Dissemination,1378127954,,NA/Fwd NDF IDR USD,IDR USD
2025-02-14,CP_BANK_B,1064,1377757193,FX Option,FX,,AUD,JPY,AUD,,,AUD JPY,,,2025-03-14,2025-02-14,2025-03-14,9000000.0,864990000.0,5940000.0,M,N,10.0,S,2025-03-14,P,96.11,0.0,-22595.76,DTCC CFTC Public Price Dissemination,1377757193,,NA/O Van Put AUD JPY,AUD JPY
2025-02-14,CP_BANK_B,1064,1378257282,FX Swap,FX,,USD,INR,USD,,,INR USD,,,2025-03-13,2025-02-14,2025-03-13,1952782.0,170000000.0,2040000.0,M,N,10.0,S,,,0.0,0.0,5556.96,DTCC CFTC Public Price Dissemination,1378257282,,NA/Swaps NDS INR USD,INR USD
2025-02-14,CP_BANK_B,1082,1378371783,FX Forward/NDF,FX,,USD,TWD,USD,,,TWD USD,,,2025-03-18,2025-02-14,2025-03-18,489730.0,16000000.0,496000.0,U,N,,S,,,0.0,0.0,-952.32,DTCC CFTC Public Price Dissemination,1378371783,,NA/Fwd NDF TWD USD,TWD USD
2025-02-14,CP_BANK_B,1082,1378372309,FX Forward/NDF,FX,,KRW,USD,USD,,,KRW USD,,,2025-03-19,2025-02-14,2025-03-19,201217901.0,140000.0,146889.07,U,N,,S,,,0.0,0.0,794.96,DTCC CFTC Public Price Dissemination,1378372309,,NA/Fwd NDF KRW USD,KRW USD
2025-02-14,CP_BANK_B,1082,1377743270,FX Swap,FX,,USD,PHP,USD,,,PHP USD,,,2028-01-25,2025-02-14,2028-01-25,12613580.0,750000000.0,12750000.0,U,N,,S,,,0.0,0.0,6349.5,DTCC CFTC Public Price Dissemination,1377743270,,NA/Swaps NDS PHP USD,PHP USD
2025-02-14,CP_CORPORATE_A,1011,1377769376,FX Forward/NDF,FX,,KRW,USD,USD,,,KRW USD,,,2025-03-18,2025-02-14,2025-03-18,1400000000.0,970790.0,1022000.0,U,N,,B,,,0.0,0.0,-723.58,DTCC CFTC Public Price Dissemination,1377769376,,NA/Fwd NDF KRW USD,KRW USD
2025-02-14,CP_CORPORATE_A,1011,1378371778,FX Forward/NDF,FX,,USD,TWD,USD,,,TWD USD,,,2025-03-18,2025-02-14,2025-03-18,1010011.0,33000000.0,1023000.0,U,N,,B,,,0.0,0.0,-5475.1,DTCC CFTC Public Price Dissemination,1378371778,,NA/Fwd NDF TWD USD,TWD USD
2025-02-14,CP_CORPORATE_A,1059,1377770734,FX Forward/NDF,FX,,USD,INR,USD,,,INR USD,,,2025-03-18,2025-02-14,2025-03-18,195122.0,17000000.0,204000.0,M,N,10.0,B,,,0.0,0.0,723.38,DTCC CFTC Public Price Dissemination,1377770734,,NA/Fwd NDF INR USD,INR USD
2025-02-14,CP_CORPORATE_A,1059,1378371369,FX Forward/NDF,FX,,TWD,USD,USD,,,TWD USD,,,2025-03-19,2025-02-14,2025-03-19,33000000.0,1010250.0,1023000.0,M,N,10.0,B,,,0.0,0.0,-2995.34,DTCC CFTC Public Price Dissemination,1378371369,,NA/Fwd NDF TWD USD,TWD USD
2025-02-14,CP_CORPORATE_A,1059,1378360512,FX Option,FX,,USD,CNY,USD,,,CNY USD,,,2025-03-07,2025-02-14,2025-03-07,176631000.0,1300000000.0,182000000.0,M,N,10.0,B,2025-03-07,,7.36,0.0,-650832.0,DTCC CFTC Public Price Dissemination,1378360512,,NA/O Van O CNY USD,CNY USD
2025-02-14,CP_CORPORATE_A,1059,1377771724,FX Option,FX,,EUR,JPY,EUR,,,EUR JPY,,,2025-04-16,2025-02-14,2025-04-16,10000000.0,1587000000.0,10632900.0,M,N,10.0,B,2025-04-16,C,158.7,0.0,-59969.56,DTCC CFTC Public Price Dissemination,1377771724,,NA/O Van Call EUR JPY,EUR JPY
2025-02-14,CP_CORPORATE_A,1059,1377757820,FX Option,FX,,USD,INR,USD,,,INR USD,,,2025-03-18,2025-02-14,2025-03-18,49917500.0,4417688077.0,53012256.92,M,N,10.0,B,2025-03-18,P,88.5,0.0,-146631.9,DTCC CFTC Public Price Dissemination,1377757820,,NA/O NDO Put INR USD,INR USD
2025-02-14,CP_CORPORATE_A,1059,1378257263,FX Swap,FX,,USD,INR,USD,,,INR USD,,,2025-03-13,2025-02-14,2025-03-13,195278.0,17000000.0,204000.0,M,N,10.0,B,,,0.0,0.0,-463.9,DTCC CFTC Public Price Dissemination,1378257263,,NA/Swaps NDS INR USD,INR USD
2025-02-14,CP_CORPORATE_A,1059,1377741392,FX Swap,FX,,KRW,USD,USD,,,KRW USD,,,2025-06-18,2025-02-14,2025-06-18,28707274000.0,20000000.0,20956310.02,M,N,10.0,B,,,0.0,0.0,-18986.42,DTCC CFTC Public Price Dissemination,1377741392,,NA/Swaps NDS KRW USD,KRW USD
2025-02-14,CP_HEDGE_FUND_A,1028,1377769127,FX Forward/NDF,FX,,USD,INR,USD,,,INR USD,,,2025-03-19,2025-02-14,2025-03-19,2984009.0,260000000.0,3120000.0,U,N,,S,,,0.0,0.0,8255.52,DTCC CFTC Public Price Dissemination,1377769127,,NA/Fwd NDF INR USD,INR USD
2025-02-14,CP_HEDGE_FUND_A,1028,1378368251,FX Option,FX,,USD,CNY,USD,,,CNY USD,,,2025-04-16,2025-02-14,2025-04-16,162821660.0,1200000000.0,168000000.0,U,N,,S,2025-04-16,,7.37,0.0,-479808.0,DTCC CFTC Public Price Dissemination,1378368251,,NA/O Van O CNY USD,CNY USD
2025-02-14,CP_HEDGE_FUND_A,1028,1378363536,FX Option,FX,,USD,CNY,USD,,,CNY USD,,,2025-05-15,2025-02-14,2025-05-15,56910510.0,420000000.0,58800000.0,U,N,,S,2025-05-15,,7.38,0.0,204271.2,DTCC CFTC Public Price Dissemination,1378363536,,NA/O Van O CNY USD,CNY USD
2025-02-14,CP_HEDGE_FUND_A,1028,1378257319,FX Swap,FX,,USD,INR,USD,,,INR USD,,,2025-03-13,2025-02-14,2025-03-13,2871725.0,250000000.0,3000000.0,U,N,,S,,,0.0,0.0,14598.0,DTCC CFTC Public Price Dissemination,1378257319,,NA/Swaps NDS INR USD,INR USD
2025-02-14,CP_HEDGE_FUND_A,1090,1378124437,FX Forward/NDF,FX,,KRW,USD,USD,,,KRW USD,,,2025-03-18,2025-02-14,2025-03-18,1400000000.0,972907.0,1022000.0,M,N,10.0,S,,,0.0,0.0,-3624.01,DTCC CFTC Public Price Dissemination,1378124437,,NA/Fwd NDF KRW USD,KRW USD
2025-02-14,CP_HEDGE_FUND_A,1090,1378371770,FX Forward/NDF,FX,,USD,INR,USD,,,INR USD,,,2025-03-18,2025-02-14,2025-03-18,998780.0,87000000.0,1044000.0,M,N,10.0,S,,,0.0,0.0,1421.93,DTCC CFTC Public Price Dissemination,1378371770,,NA/Fwd NDF INR USD,INR USD
2025-02-14,CP_HEDGE_FUND_A,1090,1377771762,FX Option,FX,,USD,JPY,USD,,,JPY USD,,,2025-02-20,2025-02-14,2025-02-20,20032400.0,3100000000.0,20770000.0,M,N,10.0,S,2025-02-20,P,154.75,0.0,-110787.18,DTCC CFTC Public Price Dissemination,1377771762,,NA/O Van Put JPY USD,JPY USD
2025-02-14,CP_HEDGE_FUND_A,1090,1378319590,FX Option,FX,,AUD,USD,USD,,,AUD USD,,,2025-03-14,2025-02-14,2025-03-14,326949.0,210000.0,215786.34,M,N,10.0,S,2025-03-14,C,0.6423,0.0,-590.39,DTCC CFTC Public Price Dissemination,1378319590,,NA/O Van Call AUD USD,AUD USD
2025-02-14,CP_HEDGE_FUND_A,1090,1377757393,FX Option,FX,,AUD,JPY,AUD,,,AUD JPY,,,2025-03-14,2025-02-14,2025-03-14,9000000.0,864990000.0,5940000.0,M,N,10.0,S,2025-03-14,C,96.11,0.0,12723.48,DTCC CFTC Public Price Dissemination,1377757393,,NA/O Van Call AUD JPY,AUD JPY
2025-02-14,CP_HEDGE_FUND_A,1090,1378118978,FX Swap,FX,,USD,HKD,USD,,,HKD USD,,,2025-12-31,2025-02-14,2025-12-31,1000000.0,7746357.0,7746357.0,M,N,10.0,S,,,0.0,0.0,-7018.2,DTCC CFTC Public Price Dissemination,1378118978,,NA/Swaps HKD USD,HKD USD
2025-02-14,CP_HEDGE_FUND_A,1090,1377768454,FX Swap,FX,,USD,TWD,USD,,,TWD USD,,,2025-03-18,2025-02-14,2025-03-18,3664800.0,120000000.0,3720000.0,M,N,10.0,S,,,0.0,0.0,-20021.04,DTCC CFTC Public Price Dissemination,1377768454,,NA/Swaps NDS TWD USD,TWD USD
2025-02-14,CP_INSURER_A,1051,1378369406,FX Forward/NDF,FX,,AUD,USD,USD,,,AUD USD,,,2025-05-19,2025-02-14,2025-05-19,17369800.0,11000000.0,11464068.0,M,N,10.0,S,,,0.0,0.0,-42096.06,DTCC CFTC Public Price Dissemination,1378369406,,NA/Fwd AUD USD,AUD USD
2025-02-14,CP_INSURER_A,1051,1378353804,FX Option,FX,,EUR,USD,USD,,,EUR USD,,,2025-02-19,2025-02-14,2025-02-19,30000000.0,31200000.0,31500000.0,M,N,10.0,S,2025-02-19,P,1.04,0.0,45738.0,DTCC CFTC Public Price Dissemination,1378353804,,NA/O Van Put EUR USD,EUR USD
2025-02-14,CP_INSURER_A,1051,1378319584,FX Option,FX,,USD,JPY,USD,,,JPY USD,,,2025-03-14,2025-02-14,2025-03-14,201298.0,31000000.0,207700.0,M,N,10.0,S,2025-03-14,P,154.0,0.0,-324.01,DTCC CFTC Public Price Dissemination,1378319584,,NA/O Van Put JPY USD,JPY USD
2025-02-14,CP_INSURER_A,1070,1378336468,FX Option,FX,,USD,JPY,USD,,,JPY USD,,,2025-03-14,2025-02-14,2025-03-14,103226.0,16000000.0,107200.0,U,N,,S,2025-03-14,P,155.0,0.0,131.21,DTCC CFTC Public Price Dissemination,1378336468,,NA/O Van Put JPY USD,JPY USD
2025-02-14,CP_INSURER_A,1070,1377756605,FX Option,FX,,EUR,AUD,EUR,,,AUD EUR,,,2025-09-30,2025-02-14,2025-09-30,101150.0,170000.0,112200.0,U,N,,S,2025-09-30,,0.595,0.0,267.26,DTCC CFTC Public Price Dissemination,1377756605,,NA/O Bar O AUD EUR,AUD EUR
2025-02-14,CP_INSURER_A,1070,1378109206,FX Swap,FX,,USD,HKD,USD,,,HKD USD,,,2025-02-18,2025-02-14,2025-02-18,1000000.0,7785510.0,7785510.0,U,N,,S,,,0.0,0.0,37604.01,DTCC CFTC Public Price Dissemination,1378109206,,NA/Swaps HKD USD,HKD USD
2025-02-14,CP_INSURER_A,1070,1378257284,FX Swap,FX,,USD,INR,USD,,,INR USD,,,2025-03-17,2025-02-14,2025-03-17,195204.0,17000000.0,204000.0,U,N,,S,,,0.0,0.0,-977.98,DTCC CFTC Public Price Dissemination,1378257284,,NA/Swaps NDS INR USD,INR USD
2025-02-14,CP_INSURER_A,1070,1378257310,FX Swap,FX,,USD,INR,USD,,,INR USD,,,2025-03-17,2025-02-14,2025-03-17,1952041.0,170000000.0,2040000.0,U,N,,S,,,0.0,0.0,-10208.16,DTCC CFTC Public Price Dissemination,1378257310,,NA/Swaps NDS INR USD,INR USD
2025-02-14,CP_PENSION_A,1021,1377768480,FX Swap,FX,,USD,PHP,USD,,,PHP USD,,,2025-03-14,2025-02-14,2025-03-14,3624156.0,210000000.0,3624156.0,U,N,,S,,,0.0,0.0,17308.97,DTCC CFTC Public Price Dissemination,1377768480,,NA/Swaps NDS PHP USD,PHP USD
2025-02-14,CP_PENSION_A,1067,1378369403,FX Option,FX,,AUD,USD,USD,,,AUD USD,,,2025-05-15,2025-02-14,2025-05-15,49612500.0,32000000.0,32744250.0,M,N,10.0,S,2025-05-15,C,0.645,0.0,-79961.46,DTCC CFTC Public Price Dissemination,1378369403,,NA/O Van Call AUD USD,AUD USD
2025-02-14,CP_PENSION_A,1067,1377740790,FX Option,FX,,EUR,AUD,EUR,,,AUD EUR,,,2025-03-17,2025-02-14,2025-03-17,101493.0,170000.0,112200.0,M,N,10.0,S,2025-03-17,P,1.675,0.0,-228.89,DTCC CFTC Public Price Dissemination,1377740790,,NA/O Van Put AUD EUR,AUD EUR
2025-02-14,CP_PENSION_A,1067,1378079043,FX Swap,FX,,SEK,EUR,SEK,,,EUR SEK,,,2025-02-18,2025-02-14,2025-02-18,1346787.0,120000.0,129291.55,M,N,10.0,S,,,0.0,0.0,749.37,DTCC CFTC Public Price Dissemination,1378079043,,NA/Swaps EUR SEK,EUR SEK
2025-02-14,CP_PENSION_A,1067,1377741303,FX Swap,FX,,TWD,USD,USD,,,TWD USD,,,2025-08-18,2025-02-14,2025-08-18,129468500.0,4000000.0,4013523.5,M,N,10.0,S,,,0.0,0.0,-16929.04,DTCC CFTC Public Price Dissemination,1377741303,,NA/Swaps NDS TWD USD,TWD USD
2025-02-14,CP_SOVEREIGN_A,1057,1377770741,FX Forward/NDF,FX,,KRW,USD,USD,,,KRW USD,,,2025-03-18,2025-02-14,2025-03-18,1400000000.0,971140.0,1022000.0,M,Y,5.0,B,,,0.0,0.0,-772.63,DTCC CFTC Public Price Dissemination,1377770741,,NA/Fwd NDF KRW USD,KRW USD
2025-02-14,CP_SOVEREIGN_A,1057,1378124453,FX Forward/NDF,FX,,PHP,USD,USD,,,PHP USD,,,2025-03-18,2025-02-14,2025-03-18,58000000.0,1001810.0,1001810.0,M,N,10.0,B,,,0.0,0.0,1430.58,DTCC CFTC Public Price Dissemination,1378124453,,NA/Fwd NDF PHP USD,PHP USD
2025-02-14,CP_SOVEREIGN_A,1057,1378371818,FX Forward/NDF,FX,,USD,INR,USD,,,INR USD,,,2025-03-18,2025-02-14,2025-03-18,998680.0,87000000.0,1044000.0,M,N,10.0,B,,,0.0,0.0,-4077.86,DTCC CFTC Public Price Dissemination,1378371818,,NA/Fwd NDF INR USD,INR USD
2025-02-14,CP_SOVEREIGN_A,1097,1378369618,FX Forward/NDF,FX,,USD,INR,USD,,,INR USD,,,2025-03-18,2025-02-14,2025-03-18,998860.0,87000000.0,1044000.0,U,N,,B,,,0.0,0.0,-5149.01,DTCC CFTC Public Price Dissemination,1378369618,,NA/Fwd NDF INR USD,INR USD
2025-02-14,CP_SOVEREIGN_A,1097,1378341514,FX Option,FX,,AUD,USD,USD,,,AUD USD,,,2025-03-14,2025-02-14,2025-03-14,311381.0,200000.0,205511.46,U,N,,B,2025-03-14,C,0.6423,0.0,-40.69,DTCC CFTC Public Price Dissemination,1378341514,,NA/O Van Call AUD USD,AUD USD
2025-02-14,CP_ASSET_MANAGER_A,1001,1377741075,Interest Rate FRA,Interest Rate,,NZD,NZD,NZD,,,NZD-BKBM FRA,,,2030-03-19,2025-03-19,2030-03-19,47000000.0,47000000.0,28200000.0,M,Y,5.0,B,,,0.0,0.0,-102648.0,DTCC CFTC Public Price Dissemination,1377741075,,NA/Swap Fxd Flt NZD,NZD-BKBM FRA
2025-02-14,CP_ASSET_MANAGER_A,1001,1377737087,Interest Rate FRA,Interest Rate,,NZD,NZD,NZD,,,NZD-BBR-FRA,,,2030-03-19,2025-03-19,2030-03-19,30000000.0,30000000.0,18000000.0,M,Y,5.0,B,,,0.0,0.0,-64872.0,DTCC CFTC Public Price Dissemination,1377737087,,NA/Swap Fxd Flt NZD,NZD-BBR-FRA
2025-02-14,CP_ASSET_MANAGER_A,1001,1377737894,Interest Rate FRA,Interest Rate,,NZD,NZD,NZD,,,NZD-BKBM FRA,,,2030-02-18,2025-02-18,2030-02-18,100000000.0,100000000.0,60000000.0,M,N,10.0,B,,,0.0,0.0,180240.0,DTCC CFTC Public Price Dissemination,1377737894,,NA/Swap Fxd Flt NZD,NZD-BKBM FRA
2025-02-14,CP_ASSET_MANAGER_A,1001,1377734798,Interest Rate FRA,Interest Rate,,NZD,NZD,NZD,,,NZD-BBR-FRA,,,2030-01-24,2025-01-24,2030-01-24,19000000.0,19000000.0,11400000.0,M,Y,5.0,B,,,0.0,0.0,-4696.8,DTCC CFTC Public Price Dissemination,1377734798,,NA/Swap Fxd Flt NZD,NZD-BBR-FRA
2025-02-14,CP_ASSET_MANAGER_A,1001,1377731393,Interest Rate FRA,Interest Rate,,NZD,NZD,NZD,,,NZD-BBR-FRA,,,2029-03-15,2028-03-15,2029-03-15,150000000.0,150000000.0,90000000.0,M,Y,5.0,B,,,0.0,0.0,108360.0,DTCC CFTC Public Price Dissemination,1377731393,,NA/Swap Fxd Flt NZD,NZD-BBR-FRA
2025-02-14,CP_ASSET_MANAGER_A,1001,1378247829,Interest Rate OIS,Interest Rate,,SGD,SGD,SGD,,,SGD-SORA-OIS Compound,,,2035-02-18,2025-02-18,2035-02-18,16000000.0,16000000.0,11840000.0,M,Y,5.0,B,,,0.0,0.0,3457.28,DTCC CFTC Public Price Dissemination,1378247829,,NA/Swap OIS SGD,SGD-SORA-OIS Compound
2025-02-14,CP_ASSET_MANAGER_A,1001,1378366277,Interest Rate OIS,Interest Rate,,USD,USD,USD,,,USD-SOFR-COMPOUND,,,2030-02-19,2025-02-19,2030-02-19,4000000.0,4000000.0,4000000.0,M,Y,5.0,B,,,0.0,0.0,-11728.0,DTCC CFTC Public Price Dissemination,1378366277,,NA/Swap OIS USD,USD-SOFR-COMPOUND
2025-02-14,CP_ASSET_MANAGER_A,1001,1377740805,Interest Rate OIS,Interest Rate,,USD,USD,USD,,,USD-SOFR-OIS Compound,,,2035-06-18,2025-06-18,2035-06-18,6000000.0,6000000.0,6000000.0,M,Y,5.0,B,,,0.0,0.0,-3528.0,DTCC CFTC Public Price Dissemination,1377740805,,NA/Swap OIS USD,USD-SOFR-OIS Compound
2025-02-14,CP_ASSET_MANAGER_A,1001,1378342298,Interest Rate OIS,Interest Rate,,GBP,GBP,GBP,,,GBP-SONIA-OIS Compound,,,2030-06-18,2025-06-18,2030-06-18,34000000.0,34000000.0,42500000.0,M,Y,5.0,B,,,0.0,0.0,-166260.0,DTCC CFTC Public Price Dissemination,1378342298,,NA/Swap OIS GBP,GBP-SONIA-OIS Compound
2025-02-14,CP_BANK_A,1005,1378204549,Interest Rate FRA,Interest Rate,,NZD,NZD,NZD,,,NZD-BKBM FRA,,,2030-03-19,2025-03-19,2030-03-19,38000000.0,38000000.0,22800000.0,M,Y,5.0,B,,,0.0,0.0,-59736.0,DTCC CFTC Public Price Dissemination,1378204549,,NA/Swap Fxd Flt NZD,NZD-BKBM FRA
2025-02-14,CP_BANK_A,1005,1377740737,Interest Rate FRA,Interest Rate,,NZD,NZD,NZD,,,NZD-BBR-FRA,,,2028-05-15,2025-02-18,2028-05-15,61000000.0,61000000.0,36600000.0,M,Y,5.0,B,,,0.0,0.0,62073.6,DTCC CFTC Public Price Dissemination,1377740737,,NA/Swap Fxd Flt NZD,NZD-BBR-FRA
2025-02-14,CP_BANK_A,1005,1377727617,Interest Rate FRA,Interest Rate,,NZD,NZD,NZD,,,NZD-BKBM FRA,,,2025-09-10,2025-06-11,2025-09-10,2658600119.0,2658600119.0,1595160071.4,M,Y,5.0,B,,,0.0,0.0,-2960617.09,DTCC CFTC Public Price Dissemination,1377727617,,NA/Swap Fxd Flt NZD,NZD-BKBM FRA
2025-02-14,CP_BANK_A,1005,1377731860,Interest Rate FRA,Interest Rate,,NZD,NZD,NZD,,,NZD-BKBM FRA,,,2025-05-28,2025-02-28,2025-05-28,1200000000.0,1200000000.0,720000000.0,M,Y,5.0,B,,,0.037575,0.0,694080.0,DTCC CFTC Public Price Dissemination,1377731860,,NA/Swap Fxd Flt NZD,NZD-BKBM FRA
2025-02-14,CP_BANK_A,1005,1377726511,Interest Rate FRA,Interest Rate,,NZD,NZD,NZD,,,NZD-BKBM FRA,,,2027-03-19,2025-03-19,2027-03-19,92000000.0,92000000.0,55200000.0,M,Y,5.0,B,,,0.0,0.0,206889.6,DTCC CFTC Public Price Dissemination,1377726511,,NA/Swap Fxd Flt NZD,NZD-BKBM FRA
2025-02-14,CP_BANK_A,1005,1378227069,Interest Rate Fixed-Float,Interest Rate,,CNY,CNY,CNY,,,CNY-Fixing Repo Rate,,,2029-11-15,2024-11-15,2029-11-15,110000000.0,110000000.0,15400000.0,M,Y,5.0,B,,,0.0,0.0,-51990.4,DTCC CFTC Public Price Dissemination,1378227069,,NA/Swap Fxd Flt CNY,CNY-Fixing Repo Rate
2025-02-14,CP_BANK_A,1005,1378339776,Interest Rate Fixed-Float,Interest Rate,,EUR,EUR,EUR,,,EUR-EURIBOR-Reuters,,,2030-02-18,2025-02-18,2030-02-18,9000000.0,9000000.0,9450000.0,M,Y,5.0,B,,,0.0,0.0,15271.2,DTCC CFTC Public Price Dissemination,1378339776,,NA/Swap Fxd Flt EUR,EUR-EURIBOR-Reuters
2025-02-14,CP_BANK_A,1005,1378205697,Interest Rate Fixed-Float,Interest Rate,,CNY,CNY,CNY,,,CNY-Fixing Repo Rate,,,2027-03-19,2025-03-19,2027-03-19,729170161.0,729170161.0,102083822.54,M,Y,5.0,B,,,0.0,0.0,-280934.68,DTCC CFTC Public Price Dissemination,1378205697,,NA/Swap Fxd Flt CNY,CNY-Fixing Repo Rate
2025-02-14,CP_BANK_A,1005,1378199252,Interest Rate OIS,Interest Rate,,THB,USD,THB,,,THB-THOR-OIS Compound vs USD-SOFR-OIS Compound,,,2030-02-18,2025-02-18,2030-02-18,650000000.0,19319400.0,19319400.0,M,N,10.0,B,,,0.0,0.0,57030.87,DTCC CFTC Public Price Dissemination,1378199252,,NA/Swap Flt Flt THB USD,THB-THOR-OIS Compound vs USD-SOFR-OIS Compound
2025-02-14,CP_BANK_A,1005,1378365007,Interest Rate OIS,Interest Rate,,GBP,GBP,GBP,,,GBP-SONIA-COMPOUND,,,2035-02-14,2025-02-14,2035-02-14,3000000.0,3000000.0,3750000.0,M,Y,5.0,B,,,0.0,0.0,10470.0,DTCC CFTC Public Price Dissemination,1378365007,,NA/Swap OIS GBP,GBP-SONIA-COMPOUND
2025-02-14,CP_BANK_A,1005,1378348817,Interest Rate OIS,Interest Rate,,USD,USD,USD,,,USD-SOFR-COMPOUND,,,2030-02-19,2025-02-19,2030-02-19,4000000.0,4000000.0,4000000.0,M,Y,5.0,B,,,0.0,0.0,-10880.0,DTCC CFTC Public Price Dissemination,1378348817,,NA/Swap OIS USD,USD-SOFR-COMPOUND
2025-02-14,CP_BANK_B,1057,1378204575,Interest Rate FRA,Interest Rate,,NZD,NZD,NZD,,,NZD-BKBM FRA,,,2027-03-19,2025-03-19,2027-03-19,100000000.0,100000000.0,60000000.0,M,Y,5.0,S,,,0.0,0.0,34320.0,DTCC CFTC Public Price Dissemination,1378204575,,NA/Swap Fxd Flt NZD,NZD-BKBM FRA
2025-02-14,CP_BANK_B,1057,1377728065,Interest Rate FRA,Interest Rate,,NZD,NZD,NZD,,,NZD-BBR-FRA,,,2030-03-15,2028-03-15,2030-03-15,100000000.0,100000000.0,60000000.0,M,Y,5.0,S,,,0.0,0.0,77520.0,DTCC CFTC Public Price Dissemination,1377728065,,NA/Swap Fxd Flt NZD,NZD-BBR-FRA
2025-02-14,CP_BANK_B,1057,1377730723,Interest Rate FRA,Interest Rate,,NZD,NZD,NZD,,,NZD-BKBM FRA,,,2028-03-15,2025-03-19,2028-03-15,157743607.0,157743607.0,94646164.2,M,Y,5.0,S,,,0.0,0.0,-23093.66,DTCC CFTC Public Price Dissemination,1377730723,,NA/Swap Fxd Flt NZD,NZD-BKBM FRA
2025-02-14,CP_BANK_B,1057,1378240880,Interest Rate Fixed-Float,Interest Rate,,TWD,TWD,TWD,,,TWD-TAIBOR-Reuters,,,2035-02-18,2025-02-18,2035-02-18,360000000.0,360000000.0,11160000.0,M,N,10.0,S,,,0.0,0.0,-26337.6,DTCC CFTC Public Price Dissemination,1378240880,,NA/Swap Fxd Flt TWD,TWD-TAIBOR-Reuters
2025-02-14,CP_BANK_B,1057,1377740828,Interest Rate Fixed-Float,Interest Rate,,KRW,KRW,KRW,,,KRW-CD 91D,,,2029-02-17,2025-02-17,2029-02-17,110000000000.0,110000000000.0,80300000.0,M,Y,5.0,S,,,0.0,0.0,-139400.8,DTCC CFTC Public Price Dissemination,1377740828,,NA/Swap Fxd Flt KRW,KRW-CD 91D
2025-02-14,CP_BANK_B,1057,1377740833,Interest Rate Fixed-Float,Interest Rate,,KRW,KRW,KRW,,,KRW-CD 91D,,,2029-02-17,2025-02-17,2029-02-17,110000000000.0,110000000000.0,80300000.0,M,Y,5.0,S,,,0.0,0.0,320557.6,DTCC CFTC Public Price Dissemination,1377740833,,NA/Swap Fxd Flt KRW,KRW-CD 91D
2025-02-14,CP_BANK_B,1057,1378337763,Interest Rate Fixed-Float,Interest Rate,,EUR,USD,EUR,,,NA/Swap Fxd Fxd EUR USD,,,2028-03-01,2025-02-14,2028-03-01,1910950.0,2000000.0,2006497.5,M,N,10.0,S,,,0.0,0.0,-321.04,DTCC CFTC Public Price Dissemination,1378337763,,NA/Swap Fxd Fxd EUR USD,
2025-02-14,CP_BANK_B,1057,1378334999,Interest Rate Fixed-Float,Interest Rate,,EUR,EUR,EUR,,,EUR-EURIBOR,,,2034-12-19,2029-12-19,2034-12-19,58000000.0,58000000.0,60900000.0,M,Y,5.0,S,,,0.0,0.0,223381.2,DTCC CFTC Public Price Dissemination,1378334999,,NA/Swap Fxd Flt EUR,EUR-EURIBOR
2025-02-14,CP_BANK_B,1057,1378270217,Interest Rate Fixed-Float,Interest Rate,,EUR,EUR,EUR,,,EUR-EURIBOR-Reuters,,,2055-02-18,2025-02-18,2055-02-18,25000000.0,25000000.0,26250000.0,M,Y,5.0,S,,,0.0,0.0,-54705.0,DTCC CFTC Public Price Dissemination,1378270217,,NA/Swap Fxd Flt EUR,EUR-EURIBOR-Reuters
2025-02-14,CP_BANK_B,1057,1378242928,Interest Rate OIS,Interest Rate,,SGD,SGD,SGD,,,SGD-SORA-OIS Compound,,,2030-02-18,2025-02-18,2030-02-18,30000000.0,30000000.0,22200000.0,M,Y,5.0,S,,,0.0,0.0,-9590.4,DTCC CFTC Public Price Dissemination,1378242928,,NA/Swap OIS SGD,SGD-SORA-OIS Compound
2025-02-14,CP_BANK_B,1057,1377765478,Interest Rate OIS,Interest Rate,,INR,INR,INR,,,INR-MIBOR-OIS-COMPOUND,,,2027-02-17,2025-02-17,2027-02-17,2400000000.0,2400000000.0,28800000.0,M,N,10.0,S,,,0.0,0.0,-100684.8,DTCC CFTC Public Price Dissemination,1377765478,,NA/Swap Fxd Flt INR,INR-MIBOR-OIS-COMPOUND
2025-02-14,CP_BANK_B,1057,1378346597,Interest Rate OIS,Interest Rate,,USD,USD,USD,,,USD-SOFR-OIS Compound,,,2040-05-15,2025-03-03,2040-05-15,9000000.0,9000000.0,9000000.0,M,Y,5.0,S,,,0.0,0.0,-16920.0,DTCC CFTC Public Price Dissemination,1378346597,,NA/Swap OIS USD,USD-SOFR-OIS Compound
2025-02-14,CP_BANK_B,1089,1377745638,Interest Rate Fixed-Float,Interest Rate,,MYR,MYR,MYR,,,MYR-KLIBOR,,,2027-02-14,2025-02-14,2027-02-14,130000000.0,130000000.0,27300000.0,U,N,,S,,,0.0,0.0,-17472.0,DTCC CFTC Public Price Dissemination,1377745638,,NA/Swap Fxd Flt MYR,MYR-KLIBOR
2025-02-14,CP_CORPORATE_A,1069,1378204562,Interest Rate FRA,Interest Rate,,NZD,NZD,NZD,,,NZD-BKBM FRA,,,2035-03-19,2025-03-19,2035-03-19,13000000.0,13000000.0,7800000.0,M,Y,5.0,B,,,0.0,0.0,-11325.6,DTCC CFTC Public Price Dissemination,1378204562,,NA/Swap Fxd Flt NZD,NZD-BKBM FRA
2025-02-14,CP_CORPORATE_A,1069,1377740736,Interest Rate FRA,Interest Rate,,NZD,NZD,NZD,,,NZD-BBR-FRA,,,2027-04-15,2025-02-18,2027-04-15,84000000.0,84000000.0,50400000.0,M,Y,5.0,B,,,0.0,0.0,-113702.4,DTCC CFTC Public Price Dissemination,1377740736,,NA/Swap Fxd Flt NZD,NZD-BBR-FRA
2025-02-14,CP_CORPORATE_A,1069,1377734230,Interest Rate FRA,Interest Rate,,NZD,NZD,NZD,,,NZD-BBR-FRA,,,2030-02-12,2025-02-12,2030-02-12,20000000.0,20000000.0,12000000.0,M,Y,5.0,B,,,0.0,0.0,-29952.0,DTCC CFTC Public Price Dissemination,1377734230,,NA/Swap Fxd Flt NZD,NZD-BBR-FRA
2025-02-14,CP_CORPORATE_A,1069,1378369371,Interest Rate Fixed-Float,Interest Rate,,EUR,EUR,EUR,,,EUR-EURIBOR-Reuters,,,2035-02-18,2025-02-18,2035-02-18,56000000.0,56000000.0,58800000.0,M,Y,5.0,B,,,0.0,0.0,-123715.2,DTCC CFTC Public Price Dissemination,1378369371,,NA/Swap Fxd Flt EUR,EUR-EURIBOR-Reuters
2025-02-14,CP_CORPORATE_A,1069,1378111304,Interest Rate Fixed-Float,Interest Rate,,TWD,TWD,TWD,,,TWD-TAIBOR-Reuters,,,2035-02-18,2025-02-18,2035-02-18,180000000.0,180000000.0,5580000.0,M,N,10.0,B,,,0.0,0.0,5646.96,DTCC CFTC Public Price Dissemination,1378111304,,NA/Swap Fxd Flt TWD,TWD-TAIBOR-Reuters
2025-02-14,CP_CORPORATE_A,1069,1378356606,Interest Rate Fixed-Float,Interest Rate,,EUR,EUR,EUR,,,EUR-EURIBOR-Reuters,,,2055-02-18,2025-02-18,2055-02-18,23000000.0,23000000.0,24150000.0,M,Y,5.0,B,,,0.0,0.0,-17194.8,DTCC CFTC Public Price Dissemination,1378356606,,NA/Swap Fxd Flt EUR,EUR-EURIBOR-Reuters
2025-02-14,CP_CORPORATE_A,1069,1377769168,Interest Rate OIS,Interest Rate,,BRL,BRL,BRL,,,BRL-CDI,,,2028-01-03,2025-02-13,2028-01-03,50000000.0,50000000.0,10000000.0,M,Y,5.0,B,,,0.0,0.0,33200.0,DTCC CFTC Public Price Dissemination,1377769168,,NA/Swap OIS BRL,BRL-CDI
2025-02-14,CP_CORPORATE_A,1069,1378367968,Interest Rate OIS,Interest Rate,,EUR,EUR,EUR,,,EUR-EuroSTR-OIS Compound,,,2035-02-18,2025-02-18,2035-02-18,150000000.0,150000000.0,157500000.0,M,Y,5.0,B,,,0.0,0.0,247590.0,DTCC CFTC Public Price Dissemination,1378367968,,NA/Swap OIS EUR,EUR-EuroSTR-OIS Compound
2025-02-14,CP_CORPORATE_A,1069,1378357800,Interest Rate OIS,Interest Rate,,USD,USD,USD,,,USD-SOFR-OIS Compound,,,2028-02-19,2025-02-19,2028-02-19,36000000.0,36000000.0,36000000.0,M,Y,5.0,B,,,0.0,0.0,128304.0,DTCC CFTC Public Price Dissemination,1378357800,,NA/Swap OIS USD,USD-SOFR-OIS Compound
2025-02-14,CP_CORPORATE_A,1069,1377739874,Interest Rate OIS,Interest Rate,,JPY,JPY,JPY,,,JPY-TONA-OIS Compound,,,2065-03-18,2025-03-19,2065-03-18,1000000000.0,1000000000.0,6700000.0,M,Y,5.0,B,,,0.0,0.0,-14847.2,DTCC CFTC Public Price Dissemination,1377739874,,NA/Swap OIS JPY,JPY-TONA-OIS Compound
2025-02-14,CP_CORPORATE_A,1069,1377740829,Interest Rate OIS,Interest Rate,,AUD,AUD,AUD,,,AUD-AONIA-OIS Compound,,,2025-04-02,2025-02-19,2025-04-02,2200000000.0,2200000000.0,1452000000.0,M,N,10.0,B,,,0.0,0.0,3043392.0,DTCC CFTC Public Price Dissemination,1377740829,,NA/Swap OIS AUD,AUD-AONIA-OIS Compound
2025-02-14,CP_HEDGE_FUND_A,1068,1377731854,Interest Rate FRA,Interest Rate,,NZD,NZD,NZD,,,NZD-BKBM FRA,,,2027-03-19,2025-03-19,2027-03-19,56000000.0,56000000.0,33600000.0,M,Y,5.0,S,,,0.0,0.0,133862.4,DTCC CFTC Public Price Dissemination,1377731854,,NA/Swap Fxd Flt NZD,NZD-BKBM FRA
2025-02-14,CP_HEDGE_FUND_A,1068,1377725273,Interest Rate FRA,Interest Rate,,NZD,NZD,NZD,,,NZD-BKBM FRA,,,2030-03-19,2025-03-19,2030-03-19,29000000.0,29000000.0,17400000.0,M,Y,5.0,S,,,0.0,0.0,-14337.6,DTCC CFTC Public Price Dissemination,1377725273,,NA/Swap Fxd Flt NZD,NZD-BKBM FRA
2025-02-14,CP_HEDGE_FUND_A,1068,1378356604,Interest Rate Fixed-Float,Interest Rate,,EUR,EUR,EUR,,,EUR-EURIBOR-Reuters,,,2060-02-18,2025-02-18,2060-02-18,21000000.0,21000000.0,22050000.0,M,Y,5.0,S,,,0.0,0.0,-62181.0,DTCC CFTC Public Price Dissemination,1378356604,,NA/Swap Fxd Flt EUR,EUR-EURIBOR-Reuters
2025-02-14,CP_HEDGE_FUND_A,1068,1378333123,Interest Rate Fixed-Float,Interest Rate,,EUR,EUR,EUR,,,EUR-EURIBOR-Reuters,,,2054-08-15,2025-03-10,2054-08-15,54000000.0,54000000.0,56700000.0,M,Y,5.0,S,,,0.0,0.0,81648.0,DTCC CFTC Public Price Dissemination,1378333123,,NA/Swap Fxd Flt EUR,EUR-EURIBOR-Reuters
2025-02-14,CP_HEDGE_FUND_A,1068,1377769167,Interest Rate OIS,Interest Rate,,BRL,BRL,BRL,,,BRL-CDI,,,2028-01-03,2025-02-13,2028-01-03,270000000.0,270000000.0,54000000.0,M,Y,5.0,S,,,0.0,0.0,-120528.0,DTCC CFTC Public Price Dissemination,1377769167,,NA/Swap OIS BRL,BRL-CDI
2025-02-14,CP_HEDGE_FUND_A,1068,1378357394,Interest Rate OIS,Interest Rate,,EUR,EUR,EUR,,,EUR-EuroSTR-OIS Compound,,,2036-02-18,2025-02-18,2036-02-18,100000000.0,100000000.0,105000000.0,M,Y,5.0,S,,,0.0,0.0,6720.0,DTCC CFTC Public Price Dissemination,1378357394,,NA/Swap OIS EUR,EUR-EuroSTR-OIS Compound
2025-02-14,CP_HEDGE_FUND_A,1068,1378364450,Interest Rate OIS,Interest Rate,,EUR,EUR,EUR,,,EUR-EuroSTR-COMPOUND,,,2035-02-18,2025-02-18,2035-02-18,3000000.0,3000000.0,3150000.0,M,Y,5.0,S,,,0.0,0.0,-5569.2,DTCC CFTC Public Price Dissemination,1378364450,,NA/Swap OIS EUR,EUR-EuroSTR-COMPOUND
2025-02-14,CP_HEDGE_FUND_A,1068,1378338953,Interest Rate OIS,Interest Rate,,USD,USD,USD,,,USD-SOFR-COMPOUND,,,2035-02-19,2025-02-19,2035-02-19,3000000.0,3000000.0,3000000.0,M,Y,5.0,S,,,0.0,0.0,1308.0,DTCC CFTC Public Price Dissemination,1378338953,,NA/Swap OIS USD,USD-SOFR-COMPOUND
2025-02-14,CP_INSURER_A,1063,1377727297,Interest Rate FRA,Interest Rate,,NZD,NZD,NZD,,,NZD-BBR-FRA,,,2030-03-20,2025-03-19,2030-03-20,18000000.0,18000000.0,10800000.0,M,Y,5.0,S,,,0.0,0.0,-19396.8,DTCC CFTC Public Price Dissemination,1377727297,,NA/Swap Fxd Flt NZD,NZD-BBR-FRA
2025-02-14,CP_INSURER_A,1063,1377731377,Interest Rate FRA,Interest Rate,,NZD,NZD,NZD,,,NZD-BKBM FRA,,,2030-03-20,2025-03-19,2030-03-20,100000000.0,100000000.0,60000000.0,M,Y,5.0,S,,,0.0,0.0,-49920.0,DTCC CFTC Public Price Dissemination,1377731377,,NA/Swap Fxd Flt NZD,NZD-BKBM FRA
2025-02-14,CP_INSURER_A,1063,1377771777,Interest Rate Fixed-Float,Interest Rate,,CNY,CNY,CNY,,,CNY-Fixing Repo Rate,,,2026-06-18,2025-06-18,2026-06-18,729170161.0,729170161.0,102083822.54,M,Y,5.0,S,,,0.0,0.0,111475.53,DTCC CFTC Public Price Dissemination,1377771777,,NA/Swap Fxd Flt CNY,CNY-Fixing Repo Rate
2025-02-14,CP_INSURER_A,1063,1378333359,Interest Rate Fixed-Float,Interest Rate,,EUR,EUR,EUR,,,EUR-EURIBOR,,,2027-12-16,2026-12-16,2027-12-16,260000000.0,260000000.0,273000000.0,M,Y,5.0,S,,,0.0,0.0,-116844.0,DTCC CFTC Public Price Dissemination,1378333359,,NA/Swap Fxd Flt EUR,EUR-EURIBOR
2025-02-14,CP_PENSION_A,1023,1378227947,Interest Rate FRA,Interest Rate,,NZD,NZD,NZD,,,NZD-BBR-FRA,,,2027-03-17,2025-03-19,2027-03-17,30000000.0,30000000.0,18000000.0,M,Y,5.0,S,,,0.0,0.0,35640.0,DTCC CFTC Public Price Dissemination,1378227947,,NA/Swap Fxd Flt NZD,NZD-BBR-FRA
2025-02-14,CP_PENSION_A,1023,1377731347,Interest Rate FRA,Interest Rate,,NZD,NZD,NZD,,,NZD-BBR-FRA,,,2035-03-21,2025-03-19,2035-03-21,2000000.0,2000000.0,1200000.0,M,Y,5.0,S,,,0.0,0.0,393.6,DTCC CFTC Public Price Dissemination,1377731347,,NA/Swap Fxd Flt NZD,NZD-BBR-FRA
2025-02-14,CP_PENSION_A,1023,1378368000,Interest Rate Fixed-Float,Interest Rate,,EUR,EUR,EUR,,,EUR-EURIBOR,,,2035-02-18,2025-02-18,2035-02-18,150000000.0,150000000.0,157500000.0,M,Y,5.0,S,,,0.0,0.0,458640.0,DTCC CFTC Public Price Dissemination,1378368000,,NA/Swap Fxd Flt EUR,EUR-EURIBOR
2025-02-14,CP_PENSION_A,1023,1378357386,Interest Rate Fixed-Float,Interest Rate,,EUR,EUR,EUR,,,EUR-EURIBOR,,,2036-02-18,2025-02-18,2036-02-18,100000000.0,100000000.0,105000000.0,M,Y,5.0,S,,,0.0,0.0,-3360.0,DTCC CFTC Public Price Dissemination,1378357386,,NA/Swap Fxd Flt EUR,EUR-EURIBOR
2025-02-14,CP_PENSION_A,1023,1378227068,Interest Rate Fixed-Float,Interest Rate,,CNY,CNY,CNY,,,CNY-Fixing Repo Rate,,,2029-12-16,2024-12-16,2029-12-16,80000000.0,80000000.0,11200000.0,M,Y,5.0,S,,,0.0,0.0,1612.8,DTCC CFTC Public Price Dissemination,1378227068,,NA/Swap Fxd Flt CNY,CNY-Fixing Repo Rate
2025-02-14,CP_PENSION_A,1023,1377771688,Interest Rate Fixed-Float,Interest Rate,,MYR,MYR,MYR,,,MYR-KLIBOR-Reference Banks,,,2027-03-19,2025-03-19,2027-03-19,390000000.0,390000000.0,81900000.0,M,N,10.0,S,,,0.0,0.0,207370.8,DTCC CFTC Public Price Dissemination,1377771688,,NA/Swap Fxd Flt MYR,MYR-KLIBOR-Reference Banks
2025-02-14,CP_PENSION_A,1023,1378326693,Interest Rate Fixed-Float,Interest Rate,,ZAR,ZAR,ZAR,,,ZAR-JIBAR,,,2035-03-20,2030-03-20,2035-03-20,600000000.0,600000000.0,31800000.0,M,Y,5.0,S,,,0.0,0.0,13101.6,DTCC CFTC Public Price Dissemination,1378326693,,NA/Swap Fxd Flt ZAR,ZAR-JIBAR
2025-02-14,CP_PENSION_A,1023,1378217020,Interest Rate Fixed-Float,Interest Rate,,HKD,HKD,HKD,,,HKD-HIBOR,,,2026-02-20,2025-02-17,2026-02-20,778759794.0,778759794.0,778759794.0,M,Y,5.0,S,,,0.0,0.0,1071573.48,DTCC CFTC Public Price Dissemination,1378217020,,NA/Swap Fxd Flt HKD,HKD-HIBOR
2025-02-14,CP_PENSION_A,1023,1377740807,Interest Rate OIS,Interest Rate,,USD,USD,USD,,,USD-SOFR-OIS Compound,,,2028-06-18,2025-06-18,2028-06-18,18000000.0,18000000.0,18000000.0,M,Y,5.0,S,,,0.0,0.0,18144.0,DTCC CFTC Public Price Dissemination,1377740807,,NA/Swap OIS USD,USD-SOFR-OIS Compound
2025-02-14,CP_PENSION_A,1023,1377740827,Interest Rate OIS,Interest Rate,,JPY,JPY,JPY,,,JPY-TONA-OIS-COMPOUND,,,2026-08-30,2025-02-18,2026-08-30,300000000.0,300000000.0,2010000.0,M,Y,5.0,S,,,0.0,0.0,-7806.84,DTCC CFTC Public Price Dissemination,1377740827,,NA/Swap OIS JPY,JPY-TONA-OIS-COMPOUND
2025-02-14,CP_PENSION_A,1023,1378342299,Interest Rate OIS,Interest Rate,,GBP,GBP,GBP,,,GBP-SONIA-OIS Compound,,,2027-06-18,2025-06-18,2027-06-18,40000000.0,40000000.0,50000000.0,M,Y,5.0,S,,,0.0,0.0,50600.0,DTCC CFTC Public Price Dissemination,1378342299,,NA/Swap OIS GBP,GBP-SONIA-OIS Compound
2025-02-14,CP_PENSION_A,1030,1377737349,Interest Rate FRA,Interest Rate,,NZD,NZD,NZD,,,NZD-BKBM FRA,,,2027-02-18,2025-02-18,2027-02-18,100000000.0,100000000.0,60000000.0,U,N,,S,,,0.0,0.0,81120.0,DTCC CFTC Public Price Dissemination,1377737349,,NA/Swap Fxd Flt NZD,NZD-BKBM FRA
2025-02-14,CP_PENSION_A,1030,1377771772,Interest Rate OIS,Interest Rate,,INR,INR,INR,,,INR-MIBOR-OIS Compound,,,2026-02-17,2025-02-17,2026-02-17,4500000000.0,4500000000.0,54000000.0,U,N,,S,,,0.0,0.0,-17280.0,DTCC CFTC Public Price Dissemination,1377771772,,NA/Swap Fxd Flt INR,INR-MIBOR-OIS Compound
2025-02-14,CP_SOVEREIGN_A,1037,1378173924,Interest Rate FRA,Interest Rate,,NZD,NZD,NZD,,,NZD-BBR-FRA,,,2027-03-19,2025-03-19,2027-03-19,41000000.0,41000000.0,24600000.0,M,Y,5.0,B,,,0.0,0.0,-61598.4,DTCC CFTC Public Price Dissemination,1378173924,,NA/Swap Fxd Flt NZD,NZD-BBR-FRA
2025-02-14,CP_SOVEREIGN_A,1037,1377727440,Interest Rate FRA,Interest Rate,,NZD,NZD,NZD,,,NZD-BKBM FRA,,,2025-06-21,2025-03-21,2025-06-21,2658600119.0,2658600119.0,1595160071.4,M,Y,5.0,B,,,0.0,0.0,-1703630.96,DTCC CFTC Public Price Dissemination,1377727440,,NA/Swap Fxd Flt NZD,NZD-BKBM FRA
2025-02-14,CP_SOVEREIGN_A,1037,1377727605,Interest Rate FRA,Interest Rate,,NZD,NZD,NZD,,,NZD-BKBM FRA,,,2025-12-10,2025-09-10,2025-12-10,2658600119.0,2658600119.0,1595160071.4,M,Y,5.0,B,,,0.0,0.0,-765676.83,DTCC CFTC Public Price Dissemination,1377727605,,NA/Swap Fxd Flt NZD,NZD-BKBM FRA
2025-02-14,CP_SOVEREIGN_A,1037,1377726487,Interest Rate FRA,Interest Rate,,NZD,NZD,NZD,,,NZD-BBR-FRA,,,2027-03-19,2025-03-19,2027-03-19,18000000.0,18000000.0,10800000.0,M,Y,5.0,B,,,0.0,0.0,-16761.6,DTCC CFTC Public Price Dissemination,1377726487,,NA/Swap Fxd Flt NZD,NZD-BBR-FRA
2025-02-14,CP_SOVEREIGN_A,1037,1378111894,Interest Rate Fixed-Float,Interest Rate,,TWD,TWD,TWD,,,TWD-TAIBOR-Reuters,,,2035-02-18,2025-02-18,2035-02-18,180000000.0,180000000.0,5580000.0,M,N,10.0,B,,,0.0,0.0,-468.72,DTCC CFTC Public Price Dissemination,1378111894,,NA/Swap Fxd Flt TWD,TWD-TAIBOR-Reuters
2025-02-14,CP_SOVEREIGN_A,1037,1378229080,Interest Rate Fixed-Float,Interest Rate,,TWD,TWD,TWD,,,TWD-TAIBOR-Reuters,,,2035-02-18,2025-02-18,2035-02-18,360000000.0,360000000.0,11160000.0,M,N,10.0,B,,,0.0,0.0,-16918.56,DTCC CFTC Public Price Dissemination,1378229080,,NA/Swap Fxd Flt TWD,TWD-TAIBOR-Reuters
2025-02-14,CP_SOVEREIGN_A,1037,1378184352,Interest Rate Fixed-Float,Interest Rate,,CNY,CNY,CNY,,,CNY-Fixing Repo Rate,,,2030-02-19,2025-02-17,2030-02-19,310000000.0,310000000.0,43400000.0,M,Y,5.0,B,,,0.0,0.0,113187.2,DTCC CFTC Public Price Dissemination,1378184352,,NA/Swap Fxd Flt CNY,CNY-Fixing Repo Rate
2025-02-14,CP_SOVEREIGN_A,1037,1378256518,Interest Rate Fixed-Float,Interest Rate,,EUR,EUR,EUR,,,EUR-EURIBOR,,,2035-02-18,2025-02-18,2035-02-18,25000000.0,25000000.0,26250000.0,M,Y,5.0,B,,,0.0,0.0,74655.0,DTCC CFTC Public Price Dissemination,1378256518,,NA/Swap Fxd Flt EUR,EUR-EURIBOR
2025-02-14,CP_SOVEREIGN_A,1037,1378232996,Interest Rate OIS,Interest Rate,,SGD,SGD,SGD,,,SGD-SORA-COMPOUND,,,2028-03-18,2026-03-18,2028-03-18,134324000.0,134324000.0,99399760.0,M,Y,5.0,B,,,0.0,0.0,-240149.82,DTCC CFTC Public Price Dissemination,1378232996,,NA/Swap OIS SGD,SGD-SORA-COMPOUND
2025-02-14,CP_SOVEREIGN_A,1037,1377767641,Interest Rate OIS,Interest Rate,,JPY,JPY,JPY,,,JPY-TONA-OIS Compound,,,2030-02-18,2025-02-18,2030-02-18,6000000000.0,6000000000.0,40200000.0,M,Y,5.0,B,,,0.0,0.0,-77666.4,DTCC CFTC Public Price Dissemination,1377767641,,NA/Swap OIS JPY,JPY-TONA-OIS Compound
2025-02-14,CP_SOVEREIGN_A,1037,1377739936,Interest Rate OIS,Interest Rate,,USD,USD,USD,,,USD-SOFR-OIS Compound,,,2026-08-19,2025-02-19,2026-08-19,1000000000.0,1000000000.0,1000000000.0,M,Y,5.0,B,,,0.0,0.0,2208000.0,DTCC CFTC Public Price Dissemination,1377739936,,NA/Swap OIS USD,USD-SOFR-OIS Compound
